0,1,2,3,4,5,6,7,8,9,10,11,12,13,14,15,16,17,18,19,20,21,22,23,24,25,26,27,28,29,30,31,32,33,34,35,36,37,38,39,40,41,42,43,44,45,46,47,48,49,50,51,52,53,54,55,56,57,58,59,60,61,62
0.5618991255760193,0.20195813477039337,5.069141550961831e-08,0.46578845381736755,0.2410304993391037,-0.0320214219391346,0.39767175912857056,0.30904391407966614,-0.07336527854204178,0.3700399696826935,0.3828330636024475,-0.10722966492176056,0.35146471858024597,0.41648367047309875,-0.14584624767303467,0.39457568526268005,0.21836918592453003,-0.1463375687599182,0.3946838676929474,0.3874780535697937,-0.19153158366680145,0.4064556658267975,0.5031882524490356,-0.21099594235420227,0.42023929953575134,0.5923280715942383,-0.22104912996292114,0.4723481237888336,0.192344069480896,-0.1520857959985733,0.4734417796134949,0.424122154712677,-0.19955813884735107,0.4704722762107849,0.5752441883087158,-0.2138165384531021,0.47553563117980957,0.6760580539703369,-0.22749851644039154,0.542833149433136,0.20666511356830597,-0.15063753724098206,0.5360742807388306,0.42264121770858765,-0.18892031908035278,0.5243930816650391,0.4247414171695709,-0.17560237646102905,0.5224394798278809,0.3865688145160675,-0.1627417951822281,0.6021237373352051,0.25090450048446655,-0.1494240015745163,0.5766767859458923,0.4235597252845764,-0.17679424583911896,0.5567540526390076,0.4216100871562958,-0.16033193469047546,0.548394501209259,0.3814646601676941,-0.1451375037431717
0.603012204170227,0.26371461153030396,-2.823662157425133e-07,0.4942351281642914,0.30616044998168945,-0.03350909799337387,0.4207310080528259,0.33977189660072327,-0.08280845731496811,0.379034161567688,0.38317474722862244,-0.1254655420780182,0.3568073511123657,0.4279317855834961,-0.17425355315208435,0.4002703130245209,0.22328253090381622,-0.1504553109407425,0.38812047243118286,0.3188049793243408,-0.19924527406692505,0.3749421238899231,0.38183820247650146,-0.22142352163791656,0.37235039472579956,0.43894368410110474,-0.23668579757213593,0.4709451198577881,0.2012876272201538,-0.15863052010536194,0.46704739332199097,0.4282799959182739,-0.20743031799793243,0.47170546650886536,0.5435277223587036,-0.2173318713903427,0.47858402132987976,0.6254332065582275,-0.2306114286184311,0.5501372218132019,0.21627312898635864,-0.16056905686855316,0.5388915538787842,0.43202245235443115,-0.1936081200838089,0.5434200763702393,0.4171868860721588,-0.16997209191322327,0.5509764552116394,0.36695364117622375,-0.15933677554130554,0.6160575747489929,0.24635452032089233,-0.16360625624656677,0.5948872566223145,0.41844719648361206,-0.19474759697914124,0.589198648929596,0.4075292646884918,-0.17846302688121796,0.5821288228034973,0.3523770570755005,-0.16678155958652496
0.6102677583694458,0.2945325970649719,-3.3570313462405466e-07,0.5006129145622253,0.33073630928993225,-0.034530386328697205,0.42644253373146057,0.35536104440689087,-0.0806666910648346,0.3784550428390503,0.39506301283836365,-0.12249483913183212,0.3403324484825134,0.43838679790496826,-0.16897565126419067,0.39836591482162476,0.2308894693851471,-0.12558631598949432,0.39360296726226807,0.3098609447479248,-0.19021868705749512,0.38385009765625,0.34178027510643005,-0.23085132241249084,0.3754875659942627,0.37955784797668457,-0.2568212151527405,0.46891823410987854,0.206259623169899,-0.13850045204162598,0.45789623260498047,0.42892545461654663,-0.2066105306148529,0.4605582356452942,0.5419381856918335,-0.22770901024341583,0.4602305293083191,0.6242793202400208,-0.24051597714424133,0.549850583076477,0.22356945276260376,-0.14941257238388062,0.5350887179374695,0.42774349451065063,-0.20305214822292328,0.5432989001274109,0.41074198484420776,-0.18688979744911194,0.549851655960083,0.36469149589538574,-0.17273709177970886,0.6183813810348511,0.2588053345680237,-0.16177305579185486,0.5934085249900818,0.4231224060058594,-0.2062550187110901,0.5921937823295593,0.4138883352279663,-0.1932985484600067,0.5885444283485413,0.3608865439891815,-0.1783970445394516
0.6039094924926758,0.3121686279773712,-8.211313229367079e-07,0.4939696490764618,0.34101173281669617,-0.03894220292568207,0.41631531715393066,0.36768612265586853,-0.08410704880952835,0.36863166093826294,0.4047093391418457,-0.12280244380235672,0.33511263132095337,0.44041869044303894,-0.16401958465576172,0.38832294940948486,0.2287081778049469,-0.12838685512542725,0.3758944869041443,0.37008392810821533,-0.1864672154188156,0.38962945342063904,0.4590575098991394,-0.2121884524822235,0.4035083055496216,0.5359088182449341,-0.2236909717321396,0.4625281095504761,0.20705239474773407,-0.13564735651016235,0.45641082525253296,0.4401780962944031,-0.2006502002477646,0.46600213646888733,0.5652255415916443,-0.2110680490732193,0.47487878799438477,0.6581252217292786,-0.21076403558254242,0.54373699426651,0.22950640320777893,-0.1409611850976944,0.5338257551193237,0.43122267723083496,-0.19317206740379333,0.5369390249252319,0.4150353968143463,-0.1749781370162964,0.5387215614318848,0.37273502349853516,-0.15556786954402924,0.6088135242462158,0.2695973217487335,-0.1471097320318222,0.5876614451408386,0.429568350315094,-0.18906447291374207,0.5827425122261047,0.423775851726532,-0.17356348037719727,0.5754988193511963,0.3739548921585083,-0.15344542264938354
0.5994839668273926,0.323247492313385,-1.0338525271436083e-06,0.4914964735507965,0.35624563694000244,-0.03578348085284233,0.4140377640724182,0.3795381486415863,-0.07395698875188828,0.36797788739204407,0.41030973196029663,-0.10606250911951065,0.33643442392349243,0.4430110454559326,-0.14046743512153625,0.3881608247756958,0.23296290636062622,-0.11086536198854446,0.3761291801929474,0.3770694136619568,-0.16146811842918396,0.3890536427497864,0.47390812635421753,-0.18520726263523102,0.4024030268192291,0.5527043342590332,-0.19639600813388824,0.4627242386341095,0.21033750474452972,-0.1185990571975708,0.4577847421169281,0.4488295316696167,-0.17548947036266327,0.4657382071018219,0.5793991088867188,-0.1867624968290329,0.47441691160202026,0.6727644205093384,-0.1876157522201538,0.5427757501602173,0.2297464907169342,-0.12532028555870056,0.5326037406921387,0.43246954679489136,-0.17172928154468536,0.532434344291687,0.41733938455581665,-0.16156373918056488,0.5327085256576538,0.3777637183666229,-0.14869852364063263,0.6072165369987488,0.2672889828681946,-0.13277877867221832,0.5867477059364319,0.4291210174560547,-0.17056240141391754,0.5838192105293274,0.4260833263397217,-0.1588982790708542,0.5786834955215454,0.3801538944244385,-0.14257755875587463
0.5958631634712219,0.31014177203178406,-9.326891472483112e-07,0.4851897954940796,0.334064245223999,-0.035477474331855774,0.4073832929134369,0.3601877689361572,-0.07342702895402908,0.3662184476852417,0.39815592765808105,-0.10624945908784866,0.350055068731308,0.44569432735443115,-0.14095255732536316,0.3882685899734497,0.21362188458442688,-0.10285193473100662,0.38219237327575684,0.3880767524242401,-0.15229889750480652,0.39839234948158264,0.4877609312534332,-0.17654280364513397,0.40843886137008667,0.5595502257347107,-0.18710725009441376,0.4653993248939514,0.19361869990825653,-0.10988539457321167,0.46602267026901245,0.439643919467926,-0.16324763000011444,0.4691220223903656,0.5580984354019165,-0.17163099348545074,0.47071051597595215,0.6409201622009277,-0.16844697296619415,0.5467936396598816,0.2140958309173584,-0.11626411229372025,0.5378022789955139,0.4281710684299469,-0.15739615261554718,0.5299557447433472,0.4075598120689392,-0.14040715992450714,0.5239871740341187,0.3649601638317108,-0.12068425118923187,0.6099391579627991,0.2535076141357422,-0.12423859536647797,0.5910886526107788,0.4166034758090973,-0.15421879291534424,0.5799620151519775,0.4067557752132416,-0.13614343106746674,0.5694008469581604,0.35426369309425354,-0.11376194655895233
0.5674905776977539,0.30762389302253723,-1.0489767419130658e-06,0.4618698060512543,0.33171308040618896,-0.03644933924078941,0.39330002665519714,0.36313608288764954,-0.0752498209476471,0.3564991056919098,0.4045935273170471,-0.10786105692386627,0.3350312411785126,0.44512856006622314,-0.1425749957561493,0.3868404030799866,0.2186855673789978,-0.1094525158405304,0.3823469281196594,0.39354342222213745,-0.15353229641914368,0.3985571563243866,0.4981716275215149,-0.17102286219596863,0.41254761815071106,0.5718057751655579,-0.1766851842403412,0.4655749797821045,0.20151165127754211,-0.11436770856380463,0.46470803022384644,0.44614648818969727,-0.16402515769004822,0.4709928035736084,0.5749771595001221,-0.1688503473997116,0.4789056181907654,0.6658273339271545,-0.16295965015888214,0.5448976755142212,0.2235216498374939,-0.11741181463003159,0.5356496572494507,0.42619529366493225,-0.1555963158607483,0.5244035124778748,0.4062284827232361,-0.1386047601699829,0.5181118249893188,0.3667507767677307,-0.119520403444767,0.6056662201881409,0.26206284761428833,-0.12154149264097214,0.5878568887710571,0.42180296778678894,-0.14974179863929749,0.5761179327964783,0.4124659299850464,-0.1302754282951355,0.5659915208816528,0.3640429377555847,-0.10733360797166824
0.5576882362365723,0.3170607089996338,-1.0779132253446733e-06,0.4564785063266754,0.337280809879303,-0.03526558727025986,0.3874377906322479,0.3638307750225067,-0.06741028279066086,0.3551415801048279,0.4056071639060974,-0.09504041075706482,0.3422620892524719,0.4526907503604889,-0.12439452111721039,0.38216403126716614,0.22457417845726013,-0.0892733782529831,0.3789818286895752,0.39693760871887207,-0.13447268307209015,0.39613625407218933,0.5045368671417236,-0.15881241858005524,0.40884000062942505,0.5798608064651489,-0.1692110002040863,0.4582110047340393,0.20704984664916992,-0.09528087824583054,0.4587717354297638,0.4396153688430786,-0.14477187395095825,0.4649912416934967,0.5636566877365112,-0.15562452375888824,0.4712062180042267,0.6516445279121399,-0.15314020216464996,0.5366855263710022,0.2271851897239685,-0.1012464240193367,0.5299930572509766,0.4240301847457886,-0.1385495513677597,0.5220786929130554,0.4120425283908844,-0.12727957963943481,0.5148866772651672,0.38004156947135925,-0.11109870672225952,0.5987396240234375,0.2643005847930908,-0.10911879688501358,0.5862088203430176,0.4199748933315277,-0.132985457777977,0.5724530220031738,0.41402941942214966,-0.11567038297653198,0.5581527352333069,0.3727562129497528,-0.09494205564260483
0.5539323687553406,0.3020871579647064,-1.053499886438658e-06,0.45388251543045044,0.3257398009300232,-0.031339652836322784,0.3869261145591736,0.3589737117290497,-0.06230999529361725,0.357256144285202,0.4036388397216797,-0.08905896544456482,0.3420603573322296,0.4499698281288147,-0.11799895018339157,0.38098064064979553,0.22305180132389069,-0.09078555554151535,0.36962124705314636,0.3919983506202698,-0.1346219778060913,0.3836396336555481,0.5000414848327637,-0.1584593802690506,0.39377927780151367,0.5722051858901978,-0.16873829066753387,0.4525740444660187,0.2081337720155716,-0.09703513234853745,0.44700974225997925,0.4384037256240845,-0.1409326046705246,0.44384443759918213,0.5596936941146851,-0.14882268011569977,0.44278135895729065,0.6458171606063843,-0.14554396271705627,0.5269980430603027,0.2300424873828888,-0.10230572521686554,0.5215622186660767,0.4260268807411194,-0.13434024155139923,0.5149858593940735,0.40993639826774597,-0.11832280457019806,0.5095027685165405,0.3725534677505493,-0.09982873499393463,0.5845493674278259,0.26932477951049805,-0.1094864010810852,0.5750885009765625,0.4261092245578766,-0.13199245929718018,0.5641939043998718,0.41303199529647827,-0.1128547415137291,0.5524881482124329,0.3636920154094696,-0.09028887003660202
0.5725347995758057,0.2829325795173645,-6.3562237073711e-07,0.4709210991859436,0.30923402309417725,-0.02508203312754631,0.39926877617836,0.35781002044677734,-0.056066323071718216,0.36611539125442505,0.40654656291007996,-0.08434388041496277,0.3511846661567688,0.44303470849990845,-0.11308187991380692,0.38607102632522583,0.23547133803367615,-0.07800118625164032,0.3665265440940857,0.4064588248729706,-0.11425421386957169,0.3834417164325714,0.4683310389518738,-0.1326991319656372,0.39916521310806274,0.49234259128570557,-0.1422446370124817,0.4554001986980438,0.2255936563014984,-0.08983319252729416,0.4457632303237915,0.4558389186859131,-0.12066485732793808,0.4389675259590149,0.5182746648788452,-0.1252954602241516,0.43349453806877136,0.5480367541313171,-0.12704899907112122,0.527955949306488,0.24510493874549866,-0.10113303363323212,0.5174629092216492,0.4552749991416931,-0.12433066219091415,0.5127979516983032,0.42733708024024963,-0.10660836100578308,0.5104418992996216,0.3771359324455261,-0.09293513000011444,0.5891780257225037,0.278768390417099,-0.11513837426900864,0.5748524069786072,0.43676358461380005,-0.1384870857000351,0.5665717720985413,0.416452556848526,-0.12322293967008591,0.5598364472389221,0.363005131483078,-0.10607791692018509
0.5482403039932251,0.27929770946502686,-2.5470828290963254e-07,0.45859381556510925,0.32547852396965027,-0.023360351100564003,0.40092095732688904,0.3738099932670593,-0.05084029212594032,0.3718525767326355,0.4250163435935974,-0.07543577998876572,0.3483118414878845,0.45456352829933167,-0.09909084439277649,0.401962012052536,0.23478227853775024,-0.07420600205659866,0.3970635235309601,0.4010922908782959,-0.10890839993953705,0.3990660607814789,0.42364194989204407,-0.12595777213573456,0.40529704093933105,0.3983531594276428,-0.13678380846977234,0.4738737940788269,0.2290584146976471,-0.08730068057775497,0.47108349204063416,0.45770183205604553,-0.11702025681734085,0.4624935984611511,0.4464413821697235,-0.12025316059589386,0.45289966464042664,0.3978573679924011,-0.12692932784557343,0.5458228588104248,0.243381068110466,-0.10076997429132462,0.5405045747756958,0.46810615062713623,-0.12778042256832123,0.5355799198150635,0.4350728988647461,-0.11228595674037933,0.5325020551681519,0.3769835829734802,-0.10312722623348236,0.6095287203788757,0.2686741352081299,-0.11728420853614807,0.5988669395446777,0.43571943044662476,-0.14928989112377167,0.5893882513046265,0.4098871350288391,-0.1439540535211563,0.5806496143341064,0.351502001285553,-0.1370411515235901
0.5889890789985657,0.2957421839237213,-2.49109803007741e-07,0.49808353185653687,0.3461419641971588,-0.038949329406023026,0.43179604411125183,0.3995264172554016,-0.06962394714355469,0.39112788438796997,0.4423602223396301,-0.0958734005689621,0.385764479637146,0.4467402398586273,-0.11687484383583069,0.4187488257884979,0.2532520890235901,-0.06535638868808746,0.41316330432891846,0.3974883556365967,-0.10221952944993973,0.42855414748191833,0.4099314510822296,-0.11894804239273071,0.43936482071876526,0.3784519135951996,-0.12724676728248596,0.4838793873786926,0.22925856709480286,-0.06849411875009537,0.5124524831771851,0.46041426062583923,-0.10046985745429993,0.5089322924613953,0.4435409903526306,-0.10347966104745865,0.49879592657089233,0.39190828800201416,-0.10465625673532486,0.5550768375396729,0.23310145735740662,-0.07510919868946075,0.5789153575897217,0.4603196978569031,-0.10263503342866898,0.5681191682815552,0.42577266693115234,-0.08651797473430634,0.5587414503097534,0.3698590099811554,-0.07208041846752167,0.6191573143005371,0.25411897897720337,-0.08709822595119476,0.6286669969558716,0.42542028427124023,-0.11510580033063889,0.6144579648971558,0.4002538025379181,-0.10943139344453812,0.600959300994873,0.3442714810371399,-0.0982259213924408
0.5037413835525513,0.23955470323562622,-4.674263038850768e-07,0.43854108452796936,0.30609145760536194,-0.046649057418107986,0.4158897399902344,0.3854004442691803,-0.09247732907533646,0.4127516448497772,0.4449199140071869,-0.12956826388835907,0.42068421840667725,0.47349846363067627,-0.1673004925251007,0.438751220703125,0.2546147406101227,-0.1265445500612259,0.4696543514728546,0.41806286573410034,-0.16974468529224396,0.48212406039237976,0.46826767921447754,-0.19208072125911713,0.494811475276947,0.47989803552627563,-0.20462922751903534,0.5130674242973328,0.2250993400812149,-0.12848258018493652,0.5576378107070923,0.44555938243865967,-0.16378556191921234,0.544832170009613,0.49693506956100464,-0.1643664687871933,0.5330944061279297,0.5048940777778625,-0.16677187383174896,0.5796961784362793,0.2206134796142578,-0.12900914251804352,0.611721396446228,0.43079304695129395,-0.1538844108581543,0.5832597017288208,0.43759769201278687,-0.12754689157009125,0.5621876120567322,0.40903204679489136,-0.1103643849492073,0.6306021809577942,0.23012982308864594,-0.1350867748260498,0.653207004070282,0.38907498121261597,-0.15888991951942444,0.628933310508728,0.3938157558441162,-0.13899913430213928,0.6054908633232117,0.3592120110988617,-0.12099667638540268
0.5520928502082825,0.18561547994613647,-2.861986274638184e-07,0.4733622968196869,0.24372583627700806,-0.03758816048502922,0.42824894189834595,0.34886762499809265,-0.09705224633216858,0.43096452951431274,0.44351422786712646,-0.1509554088115692,0.44180554151535034,0.4798222780227661,-0.20613497495651245,0.39893242716789246,0.28468382358551025,-0.16897515952587128,0.3758385181427002,0.3812042474746704,-0.23365910351276398,0.3935069143772125,0.40324848890304565,-0.27192118763923645,0.4055965840816498,0.41281822323799133,-0.2974802851676941,0.4698264002799988,0.26335611939430237,-0.1742338091135025,0.4750920832157135,0.471439391374588,-0.23122428357601166,0.4745202362537384,0.5360211730003357,-0.23404386639595032,0.46105900406837463,0.5625848174095154,-0.2407824695110321,0.5419625639915466,0.27039286494255066,-0.1748877316713333,0.548024594783783,0.4730699062347412,-0.2037314921617508,0.5393453240394592,0.4455535113811493,-0.18144847452640533,0.527429461479187,0.38728219270706177,-0.1753055602312088,0.6060272455215454,0.28533872961997986,-0.18048225343227386,0.6027305126190186,0.4507015645503998,-0.19245700538158417,0.590183675289154,0.43301817774772644,-0.17761299014091492,0.5827032327651978,0.37886130809783936,-0.17515863478183746
0.5324806571006775,0.21034547686576843,8.357883274356936e-08,0.46182793378829956,0.24490757286548615,-0.01225553173571825,0.3953368663787842,0.3331010341644287,-0.03777727857232094,0.364297091960907,0.4226070046424866,-0.060377415269613266,0.33588558435440063,0.4907008409500122,-0.08874371647834778,0.38921624422073364,0.29050198197364807,-0.09772750735282898,0.3835091292858124,0.4360772669315338,-0.1371615082025528,0.3687688112258911,0.516808032989502,-0.1555284559726715,0.36222314834594727,0.5755104422569275,-0.16650351881980896,0.45197829604148865,0.2872026562690735,-0.1137436181306839,0.4540943503379822,0.48415178060531616,-0.15208449959754944,0.44597649574279785,0.472878634929657,-0.15308821201324463,0.44508811831474304,0.4289773404598236,-0.15439215302467346,0.5172602534294128,0.29152002930641174,-0.1263113170862198,0.5146053433418274,0.4835432767868042,-0.16315533220767975,0.5115817189216614,0.4560060203075409,-0.14387407898902893,0.5116124153137207,0.4019171893596649,-0.12817496061325073,0.5803918242454529,0.30787259340286255,-0.13807697594165802,0.5632540583610535,0.46266084909439087,-0.17087846994400024,0.5580210089683533,0.4388276934623718,-0.15790122747421265,0.5606284141540527,0.38816407322883606,-0.14479954540729523
0.5274649262428284,0.20436538755893707,1.7434858534670639e-07,0.4570205509662628,0.23198173940181732,-0.010312133468687534,0.38698798418045044,0.31750887632369995,-0.032461538910865784,0.3532125949859619,0.4078332483768463,-0.051979973912239075,0.334439218044281,0.482644259929657,-0.07764598727226257,0.3681025207042694,0.2961174547672272,-0.091573067009449,0.3449289798736572,0.41796231269836426,-0.12718328833580017,0.33059823513031006,0.49653446674346924,-0.1432480812072754,0.3214142918586731,0.5558884143829346,-0.15233203768730164,0.42539986968040466,0.29643887281417847,-0.10707808285951614,0.40628063678741455,0.4769400656223297,-0.1394185572862625,0.3933213949203491,0.5668656826019287,-0.1468665897846222,0.38539257645606995,0.6277755498886108,-0.15417131781578064,0.4900883734226227,0.3050994277000427,-0.11811800301074982,0.48887863755226135,0.49588656425476074,-0.15257781744003296,0.4975391626358032,0.4723142981529236,-0.13999274373054504,0.5038063526153564,0.42319026589393616,-0.12692713737487793,0.5553536415100098,0.3238765299320221,-0.12782792747020721,0.5412061214447021,0.47352489829063416,-0.1596957892179489,0.5426105260848999,0.4521208703517914,-0.14859966933727264,0.5456171631813049,0.4033934473991394,-0.135054349899292
0.5325417518615723,0.21451900899410248,1.547598458273569e-07,0.4579700529575348,0.23530493676662445,-0.012100688181817532,0.38630467653274536,0.316040575504303,-0.038926079869270325,0.35573554039001465,0.41388797760009766,-0.06367053836584091,0.34607604146003723,0.48873329162597656,-0.0949288085103035,0.3500584363937378,0.3054257035255432,-0.09959863871335983,0.3267846703529358,0.45667165517807007,-0.14132164418697357,0.3149048089981079,0.5616252422332764,-0.16442877054214478,0.3076934814453125,0.641731858253479,-0.17963719367980957,0.4104936718940735,0.29798632860183716,-0.11748918145895004,0.3973318338394165,0.5048749446868896,-0.15729251503944397,0.38696545362472534,0.618491530418396,-0.17261052131652832,0.3768235146999359,0.6984657645225525,-0.18622617423534393,0.4774790406227112,0.3033704459667206,-0.130344420671463,0.4807605445384979,0.5073658227920532,-0.16966630518436432,0.49535465240478516,0.4769441485404968,-0.15786483883857727,0.499955952167511,0.42102816700935364,-0.14518742263317108,0.5422201752662659,0.3185470700263977,-0.14236554503440857,0.5320580005645752,0.47462141513824463,-0.17779423296451569,0.5390376448631287,0.4460577070713043,-0.16605037450790405,0.5414731502532959,0.39329105615615845,-0.15183012187480927
0.5200707316398621,0.1729167401790619,-5.624622190225637e-07,0.4465199112892151,0.2539145350456238,-0.007489340845495462,0.40878725051879883,0.35561445355415344,-0.03916732221841812,0.39944958686828613,0.44073736667633057,-0.07044287770986557,0.38601213693618774,0.49394774436950684,-0.1077771708369255,0.37716636061668396,0.2930071949958801,-0.0966997817158699,0.3988381028175354,0.3987921178340912,-0.13279280066490173,0.4128648340702057,0.46346592903137207,-0.15084323287010193,0.4273361265659332,0.5063213109970093,-0.16238534450531006,0.44348499178886414,0.2607564330101013,-0.11539972573518753,0.5029466152191162,0.4687451422214508,-0.1446550190448761,0.5235430002212524,0.5769520998001099,-0.1497463583946228,0.5452635288238525,0.6405216455459595,-0.15992772579193115,0.5150400400161743,0.2451147437095642,-0.1287536472082138,0.5608460903167725,0.4402274489402771,-0.1511465162038803,0.548668384552002,0.4336344301700592,-0.1299070119857788,0.5321023464202881,0.39296969771385193,-0.11942441761493683,0.5756847262382507,0.24059784412384033,-0.141398087143898,0.6035881042480469,0.4025154411792755,-0.16663293540477753,0.5833136439323425,0.40579086542129517,-0.14976899325847626,0.5534182190895081,0.3779985010623932,-0.13572052121162415
0.5130277276039124,0.20434018969535828,-1.0675518780089988e-07,0.4413033723831177,0.2845609188079834,-0.030944524332880974,0.4086189866065979,0.3738160729408264,-0.08011247962713242,0.4078124165534973,0.449571430683136,-0.12207183986902237,0.40256267786026,0.47475916147232056,-0.16974060237407684,0.3957439363002777,0.31225740909576416,-0.154480442404747,0.44252508878707886,0.4687882661819458,-0.20174650847911835,0.4800282418727875,0.5664800405502319,-0.220799058675766,0.5197180509567261,0.6338071823120117,-0.23075367510318756,0.4593895375728607,0.2642371654510498,-0.160003662109375,0.5235276818275452,0.4629400074481964,-0.20829008519649506,0.549115777015686,0.5782788991928101,-0.21603472530841827,0.5803188681602478,0.6474537253379822,-0.2252996861934662,0.5301312208175659,0.2410082072019577,-0.15821389853954315,0.5728526711463928,0.4308772683143616,-0.18934974074363708,0.5538972020149231,0.42315545678138733,-0.1600315272808075,0.5417126417160034,0.3780386447906494,-0.14022783935070038,0.5889562964439392,0.24218405783176422,-0.15723195672035217,0.6074711084365845,0.4026644229888916,-0.1825769990682602,0.5862098932266235,0.4031732380390167,-0.1603633314371109,0.5666528940200806,0.36490288376808167,-0.14175483584403992
0.5167799592018127,0.19469672441482544,-8.345099189455141e-08,0.45001837611198425,0.28482699394226074,-0.03258642926812172,0.41346466541290283,0.37770527601242065,-0.08312340825796127,0.41082820296287537,0.4434025287628174,-0.1262120008468628,0.40060096979141235,0.46493980288505554,-0.17458418011665344,0.3974137306213379,0.31385987997055054,-0.16475379467010498,0.44246938824653625,0.4654651880264282,-0.22005748748779297,0.47934862971305847,0.5672429800033569,-0.2436448037624359,0.5187240242958069,0.6378821134567261,-0.25615769624710083,0.45831099152565,0.2611630856990814,-0.17122331261634827,0.5218896269798279,0.4597935974597931,-0.22686590254306793,0.5476143956184387,0.5867513418197632,-0.2376459836959839,0.5785051584243774,0.6629584431648254,-0.24930806457996368,0.527536153793335,0.23397526144981384,-0.1705809235572815,0.5720460414886475,0.43091246485710144,-0.20673517882823944,0.5567434430122375,0.4236966371536255,-0.17598426342010498,0.5455565452575684,0.37715914845466614,-0.15460152924060822,0.5882375836372375,0.23260830342769623,-0.17117004096508026,0.6127718687057495,0.4028644561767578,-0.20057818293571472,0.5906411409378052,0.40366479754447937,-0.17986778914928436,0.5687683820724487,0.36400824785232544,-0.16178375482559204
0.5247212052345276,0.18955402076244354,-1.7701275112358417e-07,0.45313435792922974,0.2613312005996704,-0.00932513177394867,0.40771132707595825,0.3456633985042572,-0.03538926690816879,0.39793816208839417,0.4237649738788605,-0.06010153517127037,0.4021093249320984,0.4698928892612457,-0.0879797413945198,0.4142119288444519,0.2852294445037842,-0.08679977059364319,0.455933153629303,0.43030232191085815,-0.12552696466445923,0.4619010090827942,0.423542320728302,-0.13917827606201172,0.45652511715888977,0.3908122777938843,-0.1436721235513687,0.47498124837875366,0.25676754117012024,-0.10119418054819107,0.5281351208686829,0.44992613792419434,-0.13675084710121155,0.5238053202629089,0.4298228621482849,-0.1346428394317627,0.5133145451545715,0.37847721576690674,-0.13376791775226593,0.535411536693573,0.2449771761894226,-0.11299041658639908,0.5737503170967102,0.4328216314315796,-0.1481742113828659,0.564061164855957,0.41018056869506836,-0.13161452114582062,0.5518814921379089,0.3599735200405121,-0.1173284724354744,0.5899243950843811,0.24870377779006958,-0.1235334575176239,0.6058733463287354,0.3983081877231598,-0.15253466367721558,0.5960202813148499,0.3799460232257843,-0.14057736098766327,0.5862504839897156,0.33498018980026245,-0.12814173102378845
0.524359405040741,0.19737045466899872,3.0370355830200424e-07,0.45580482482910156,0.21890221536159515,-0.008023754693567753,0.3827633857727051,0.29847896099090576,-0.029242128133773804,0.3501244783401489,0.38905203342437744,-0.048110947012901306,0.34167829155921936,0.4618716239929199,-0.07291305065155029,0.3627298176288605,0.28450173139572144,-0.09340592473745346,0.3443281352519989,0.41947829723358154,-0.12793788313865662,0.3317628800868988,0.5017603635787964,-0.14302028715610504,0.32274752855300903,0.5641777515411377,-0.15183494985103607,0.4156365990638733,0.2796480655670166,-0.10970275104045868,0.40674299001693726,0.4721733331680298,-0.14149117469787598,0.39782342314720154,0.570810079574585,-0.14859886467456818,0.39066633582115173,0.6407710313796997,-0.15646754205226898,0.4770393371582031,0.28490930795669556,-0.12087924778461456,0.4843541979789734,0.4845432937145233,-0.15463101863861084,0.4939258098602295,0.4521227478981018,-0.13963307440280914,0.4966537058353424,0.39670780301094055,-0.1250336468219757,0.5424138307571411,0.29996663331985474,-0.13071757555007935,0.5356109142303467,0.4517635107040405,-0.1637047380208969,0.53957599401474,0.4209737181663513,-0.1523679494857788,0.5405015349388123,0.3677811622619629,-0.13856175541877747
0.5261650085449219,0.1893237978219986,-2.730971004893945e-07,0.44912031292915344,0.22716841101646423,-0.009711396880447865,0.3872835636138916,0.3170815408229828,-0.034733787178993225,0.35649949312210083,0.40685418248176575,-0.05887483432888985,0.33083003759384155,0.4710077941417694,-0.0869855061173439,0.3643542230129242,0.28638356924057007,-0.07779848575592041,0.37028950452804565,0.4403573274612427,-0.11627268046140671,0.37578094005584717,0.5046907663345337,-0.13402996957302094,0.379291296005249,0.5431770086288452,-0.14479082822799683,0.4232334494590759,0.2787666916847229,-0.09450746327638626,0.44688114523887634,0.4787737727165222,-0.13117733597755432,0.45625510811805725,0.4824228286743164,-0.13266485929489136,0.45677512884140015,0.46118786931037903,-0.13541442155838013,0.4870067834854126,0.2813788652420044,-0.10955309122800827,0.5052651166915894,0.4707806706428528,-0.14741173386573792,0.5098086595535278,0.4328358769416809,-0.1318017840385437,0.503198504447937,0.3790484368801117,-0.11918500810861588,0.5474331974983215,0.2916982173919678,-0.12355681508779526,0.548835813999176,0.442629337310791,-0.1575097143650055,0.5510741472244263,0.4093756079673767,-0.14774739742279053,0.5473586916923523,0.3554903268814087,-0.13721010088920593
0.5244609713554382,0.1917264312505722,-2.9145522262297163e-07,0.45143285393714905,0.24165596067905426,-0.015012042596936226,0.39666351675987244,0.3362078070640564,-0.04263640567660332,0.3734613358974457,0.4245226979255676,-0.06807278096675873,0.356864333152771,0.46756744384765625,-0.09385643899440765,0.3723568320274353,0.2874423861503601,-0.08922366797924042,0.39010950922966003,0.460891991853714,-0.13075987994670868,0.41635310649871826,0.43759986758232117,-0.14118696749210358,0.41773369908332825,0.38766026496887207,-0.14364339411258698,0.43692952394485474,0.26988446712493896,-0.10163190960884094,0.46674302220344543,0.4604959189891815,-0.1425277590751648,0.4786369502544403,0.4204709827899933,-0.13768696784973145,0.4719718098640442,0.3638729453086853,-0.133758544921875,0.5038145780563354,0.2682384252548218,-0.11272821575403214,0.5242658257484436,0.44959262013435364,-0.15155960619449615,0.5321348905563354,0.40935564041137695,-0.13051865994930267,0.5263054370880127,0.3538321256637573,-0.11361641436815262,0.5669824481010437,0.27897703647613525,-0.12313731759786606,0.5742537379264832,0.42185789346694946,-0.15493249893188477,0.5773203372955322,0.38642051815986633,-0.14223824441432953,0.5745080709457397,0.334001362323761,-0.12899893522262573
0.5385338068008423,0.2008686661720276,-4.1617644797042885e-07,0.469392329454422,0.28418534994125366,-0.018261495977640152,0.435158908367157,0.37382370233535767,-0.05283333361148834,0.43630170822143555,0.4532157778739929,-0.08197592198848724,0.4420744776725769,0.49212393164634705,-0.11554369330406189,0.4156559407711029,0.32964691519737244,-0.1260468065738678,0.4685472249984741,0.4643837809562683,-0.1636967808008194,0.5084710717201233,0.5423723459243774,-0.17318753898143768,0.5404495000839233,0.5891498327255249,-0.17640160024166107,0.4719824492931366,0.274224191904068,-0.1354837268590927,0.5446019172668457,0.4568348526954651,-0.1735273003578186,0.5736732482910156,0.5611907839775085,-0.1715582311153412,0.6058404445648193,0.6259973049163818,-0.17104291915893555,0.5381065607070923,0.24237759411334991,-0.138006329536438,0.5993785262107849,0.4129108190536499,-0.1616528034210205,0.591149091720581,0.41900402307510376,-0.12519614398479462,0.5804806351661682,0.3932117819786072,-0.09925469756126404,0.5965278148651123,0.22854045033454895,-0.1409474015235901,0.6322994232177734,0.37263768911361694,-0.16466118395328522,0.61966872215271,0.3895881772041321,-0.13948410749435425,0.6012676954269409,0.3731929659843445,-0.11543282866477966
0.5345723628997803,0.20389766991138458,-6.192713186692345e-08,0.467740535736084,0.2800881266593933,-0.010995164513587952,0.4335256516933441,0.3664838671684265,-0.039835814386606216,0.4280320703983307,0.44091418385505676,-0.06716564297676086,0.4180072844028473,0.48388925194740295,-0.09862291812896729,0.42466670274734497,0.29917293787002563,-0.0904114842414856,0.4515785574913025,0.4195692539215088,-0.13294047117233276,0.45503532886505127,0.43635061383247375,-0.15122102200984955,0.45220130681991577,0.42238688468933105,-0.15916721522808075,0.4851813018321991,0.2690148949623108,-0.10480879992246628,0.5432271361351013,0.457405149936676,-0.14417462050914764,0.5412194728851318,0.44789987802505493,-0.1433161348104477,0.5292692184448242,0.39977768063545227,-0.14278970658779144,0.5488119721412659,0.2559557259082794,-0.11686117202043533,0.5918334722518921,0.44133445620536804,-0.1545807123184204,0.5813721418380737,0.4263637661933899,-0.13682851195335388,0.566474199295044,0.37661758065223694,-0.12073521316051483,0.6059812903404236,0.25721895694732666,-0.12791532278060913,0.6270655393600464,0.40367868542671204,-0.15928727388381958,0.6118288040161133,0.39672428369522095,-0.14769715070724487,0.5942618250846863,0.3583477735519409,-0.13429729640483856
0.5254977345466614,0.20292818546295166,5.06532238375712e-09,0.4578716456890106,0.26690229773521423,-0.00395795376971364,0.4115026593208313,0.3521050810813904,-0.028100870549678802,0.40123674273490906,0.428666353225708,-0.051425449550151825,0.4034552574157715,0.4764477014541626,-0.07928870618343353,0.42036670446395874,0.3096774220466614,-0.08893784135580063,0.43645501136779785,0.44730791449546814,-0.12435425072908401,0.42816591262817383,0.4753590226173401,-0.13664062321186066,0.4228949546813965,0.4715769588947296,-0.14058613777160645,0.4832707345485687,0.2822258472442627,-0.1055728942155838,0.5182473659515381,0.4750683009624481,-0.13972435891628265,0.5093848705291748,0.453914612531662,-0.1364576369524002,0.504253625869751,0.3976910710334778,-0.13373294472694397,0.5452480316162109,0.26961928606033325,-0.11810357868671417,0.5674667954444885,0.456708699464798,-0.14851438999176025,0.5562933087348938,0.4276607930660248,-0.12867510318756104,0.550916314125061,0.37089818716049194,-0.11236298829317093,0.6017121076583862,0.26985371112823486,-0.1293325573205948,0.6051834225654602,0.42613524198532104,-0.15442515909671783,0.5931602716445923,0.4093949496746063,-0.13980761170387268,0.5896018147468567,0.36171141266822815,-0.1258828490972519
0.5256787538528442,0.22261719405651093,4.1222850200028915e-07,0.4608062207698822,0.24741549789905548,-0.018972981721162796,0.40123453736305237,0.33133435249328613,-0.042781367897987366,0.36989814043045044,0.4123164415359497,-0.0626491978764534,0.3518419861793518,0.47962790727615356,-0.08800342679023743,0.3881044387817383,0.3102251887321472,-0.10339614003896713,0.37398916482925415,0.43498900532722473,-0.14119532704353333,0.36647796630859375,0.5169604420661926,-0.15768270194530487,0.3604271411895752,0.5792744159698486,-0.16610786318778992,0.44353601336479187,0.3019830882549286,-0.11482352018356323,0.4374862015247345,0.4730544984340668,-0.15001077950000763,0.42919909954071045,0.5705434679985046,-0.15888479351997375,0.42146751284599304,0.6378220319747925,-0.16671107709407806,0.5032898783683777,0.30062049627304077,-0.12243682146072388,0.5113074779510498,0.47218406200408936,-0.16100934147834778,0.5134515166282654,0.4567713737487793,-0.1519196480512619,0.5132455229759216,0.40960490703582764,-0.13962705433368683,0.5649529695510864,0.30953913927078247,-0.12950898706912994,0.5578953623771667,0.45353710651397705,-0.16498476266860962,0.5559296607971191,0.43684402108192444,-0.15737426280975342,0.5560865998268127,0.3872387111186981,-0.1455635279417038
0.5185673832893372,0.22305086255073547,2.1714039633025095e-07,0.4542776346206665,0.2410401552915573,-0.00970564316958189,0.39147353172302246,0.31294772028923035,-0.03244731202721596,0.36989182233810425,0.40256038308143616,-0.05362321063876152,0.3755326271057129,0.4708470404148102,-0.08091343939304352,0.35627079010009766,0.315315306186676,-0.08430253714323044,0.3350449204444885,0.43898776173591614,-0.11749732494354248,0.3221011757850647,0.523429811000824,-0.13534675538539886,0.3124731779098511,0.587158203125,-0.14784249663352966,0.4085867404937744,0.3100554049015045,-0.1009368821978569,0.39889752864837646,0.49398279190063477,-0.13274799287319183,0.39116331934928894,0.5928075313568115,-0.14435672760009766,0.38317254185676575,0.6606098413467407,-0.1556556522846222,0.46927106380462646,0.31258425116539,-0.1131400614976883,0.478567898273468,0.49434560537338257,-0.14499595761299133,0.4898970127105713,0.4650256931781769,-0.13386283814907074,0.4918655753135681,0.41216757893562317,-0.1229916661977768,0.5310077667236328,0.32306331396102905,-0.12481798231601715,0.5277115106582642,0.46672430634498596,-0.1548098921775818,0.5339457988739014,0.44424968957901,-0.1450166255235672,0.5344727039337158,0.39802420139312744,-0.13344497978687286
0.5227886438369751,0.21065551042556763,-9.857955518555173e-08,0.4507094919681549,0.25091150403022766,-0.011177041567862034,0.3868130147457123,0.3370007574558258,-0.0347629152238369,0.3546900749206543,0.4288761019706726,-0.05787714198231697,0.3310294449329376,0.48969095945358276,-0.08575662970542908,0.34966397285461426,0.3201790750026703,-0.07520253211259842,0.35008615255355835,0.4668039083480835,-0.11141068488359451,0.3501288890838623,0.5563985109329224,-0.1320524960756302,0.3493606448173523,0.623481035232544,-0.14699485898017883,0.40256068110466003,0.30566656589508057,-0.09340155124664307,0.39902275800704956,0.48941570520401,-0.12933728098869324,0.3926679491996765,0.5938096642494202,-0.14551785588264465,0.388958215713501,0.6751106977462769,-0.1606282740831375,0.46693846583366394,0.3021324872970581,-0.10839109122753143,0.4824869930744171,0.49142715334892273,-0.14434869587421417,0.49410921335220337,0.4571622610092163,-0.1341066211462021,0.4942241907119751,0.40605562925338745,-0.12448366731405258,0.5299966335296631,0.3089005649089813,-0.12287479639053345,0.5325251221656799,0.462598979473114,-0.15637613832950592,0.5365833044052124,0.4326384663581848,-0.14666761457920074,0.5343836545944214,0.3793894350528717,-0.1355893909931183
