kp_0,kp_1,kp_2,kp_3,kp_4,kp_5,kp_6,kp_7,kp_8,kp_9,kp_10,kp_11,kp_12,kp_13,kp_14,kp_15,kp_16,kp_17,kp_18,kp_19,kp_20,kp_21,kp_22,kp_23,kp_24,kp_25,kp_26,kp_27,kp_28,kp_29,kp_30,kp_31,kp_32,kp_33,kp_34,kp_35,kp_36,kp_37,kp_38,kp_39,kp_40,kp_41,kp_42,kp_43,kp_44,kp_45,kp_46,kp_47,kp_48,kp_49,kp_50,kp_51,kp_52,kp_53,kp_54,kp_55,kp_56,kp_57,kp_58,kp_59,kp_60,kp_61,kp_62,label
0.17419177144765854,0.7051901400089264,3.1797634107988416e-07,0.25079247504472735,0.6805798768997192,0.00901989433914423,0.30460273027420043,0.651217246055603,0.004865161096677184,0.34714141190052034,0.6358961343765259,-0.008597376971738412,0.37747662961483003,0.6078180640935897,-0.022368670161813497,0.27460153102874757,0.49382919669151304,0.028992054593982176,0.297344383597374,0.40989152193069456,0.010218476981390268,0.33260407745838166,0.3935013025999069,-0.010057889932068066,0.3609882652759552,0.4027983367443085,-0.021765470318496228,0.25615015625953674,0.4828296542167664,0.00698427795432508,0.2821964740753174,0.3814645051956177,-0.013267230708152056,0.3296925574541092,0.37092656195163726,-0.03547085747122765,0.36236217617988586,0.4001812517642975,-0.04826156497001648,0.23733254969120027,0.48308626413345335,-0.018326913565397264,0.26157589852809904,0.37991851568222046,-0.03580960836261511,0.31344970166683195,0.3734022945165634,-0.05217857733368873,0.35206634402275083,0.403330659866333,-0.060419661179184916,0.22145297825336457,0.4970313459634781,-0.04418385364115238,0.2444060742855072,0.4153789132833481,-0.058323408290743825,0.2834813266992569,0.39451639354228973,-0.06628539226949215,0.3182559281587601,0.40410961508750914,-0.06959912627935409,c
0.15765992999076844,0.6934057295322418,4.423273509246428e-07,0.23960090577602386,0.6762429654598237,0.0012223964266013354,0.30176444351673126,0.6439667642116547,-0.006996583612635732,0.3543828785419464,0.6254290878772736,-0.024019639939069748,0.3960477650165558,0.592658132314682,-0.04086492247879505,0.2699898898601532,0.4840071499347687,0.02718260120600462,0.30028065145015714,0.39505972862243655,0.006433983356691897,0.3428868383169174,0.3834766626358032,-0.016012698598206043,0.37706772685050965,0.39721007347106935,-0.029865581914782523,0.25164223909378053,0.4718300223350525,0.007990995352156461,0.2883225977420807,0.3663289874792099,-0.01632074872031808,0.3430865377187729,0.3668943166732788,-0.042659885808825494,0.37974831759929656,0.40399304032325745,-0.05788023248314857,0.23382036238908768,0.47099518179893496,-0.01530365962535143,0.2709571450948715,0.36436701118946074,-0.0364092793315649,0.3311093121767044,0.36986846625804903,-0.05500981323421002,0.3731678336858749,0.4092764496803284,-0.06430228129029274,0.21975562125444412,0.48376265466213225,-0.03975772447884083,0.2565304160118103,0.4045768529176712,-0.056006690859794615,0.30289040207862855,0.39460668861866,-0.065156502276659,0.33974277675151826,0.41407770812511446,-0.06926388442516326,c
0.11724375486373902,0.6476150095462799,3.039485847011747e-07,0.24417195618152618,0.5988830089569092,0.042975888773798945,0.3321650266647339,0.5307905972003937,0.04898930341005325,0.4058262199163437,0.5076441884040832,0.031907101534307,0.4550841569900513,0.48356558084487916,0.013516459288075567,0.258589543402195,0.30892578363418577,0.08870197832584381,0.3164485365152359,0.17672844529151915,0.07023149318993091,0.3887463301420212,0.18914826214313507,0.04417619900777936,0.42631259858608245,0.2397847592830658,0.029186454694718124,0.23528252691030502,0.29889522194862367,0.04007974173873663,0.30823639035224915,0.14294856637716294,0.02089594111312181,0.39161607921123504,0.16707764714956283,-0.00793754457263276,0.42384685277938844,0.23635364174842835,-0.023989165434613824,0.21972051858901978,0.3016167670488358,-0.013010338181629777,0.2898397326469421,0.14697457551956178,-0.027218786865705624,0.3788394510746002,0.1709116891026497,-0.04207604890689254,0.4185902655124664,0.23595185279846193,-0.04923350065946579,0.2174311473965645,0.3256630957126617,-0.06580381654202938,0.28248566687107085,0.20062275230884552,-0.07759824804961682,0.35163463056087496,0.19795429557561875,-0.0814134668558836,0.39156798720359803,0.23806080222129822,-0.08182904794812203,c
0.20477415919303893,0.7050188899040222,-5.6548735827277595e-08,0.331854322552681,0.6495083570480347,0.053004495054483416,0.41211702227592467,0.5705541014671326,0.05591893754899502,0.4847778707742691,0.53081414103508,0.03644078522920609,0.5455258011817932,0.501318222284317,0.01622927887365222,0.30922760963439944,0.3224529027938843,0.05255515053868294,0.39171169698238373,0.19198201447725297,0.023405717872083186,0.47170599102973937,0.22705693989992143,-0.0026826766203157603,0.5099116742610932,0.29204876720905304,-0.016566196084022523,0.2856621503829956,0.31786667704582217,-0.001423436193726957,0.395735102891922,0.16848899722099303,-0.031176037341356277,0.48841367959976195,0.22161106318235396,-0.04999936372041702,0.517320191860199,0.30795426666736603,-0.058101536333560945,0.28394144773483276,0.33589799106121065,-0.0562535647302866,0.3865813821554184,0.18298005014657975,-0.08183262646198272,0.47995476722717284,0.2307976797223091,-0.0834270842373371,0.5161985158920288,0.30721892416477203,-0.07960984110832214,0.3050900846719742,0.3782232850790024,-0.10865034237504005,0.38996064364910127,0.2524335488677025,-0.13131147250533104,0.46238201558589936,0.2595780253410339,-0.12991407066583632,0.4985795944929123,0.30216659009456637,-0.12464365661144257,c
0.21427738964557647,0.7288874387741089,1.3526673736663496e-08,0.34378872215747835,0.6704003274440765,0.054947574809193614,0.41689506471157073,0.5904247641563416,0.05999728143215179,0.48019184470176696,0.5530592024326324,0.04042282942682505,0.5359532713890076,0.5207949578762054,0.019153630582150073,0.3181892395019531,0.3609410226345062,0.06319151781499385,0.377680179476738,0.2184319481253624,0.03445737287402153,0.4549158900976181,0.2382516697049141,0.007694734574761242,0.49780125021934507,0.3009898066520691,-0.006060631934087723,0.293295419216156,0.3548305660486221,0.007246699859388172,0.3713528513908386,0.17700450271368026,-0.02335665924474597,0.4677584767341614,0.20838166326284407,-0.04721641093492508,0.508998703956604,0.2898959040641785,-0.05788570530712604,0.28802418112754824,0.3675211250782013,-0.05022590942680836,0.3596157878637314,0.1819295898079872,-0.07415059208869934,0.46022054851055144,0.20876270532608032,-0.08287147432565689,0.5092116892337799,0.2784752041101456,-0.08421534150838852,0.305571186542511,0.4012702822685242,-0.10554202124476433,0.3675224244594574,0.2528798758983612,-0.12610502019524575,0.4435306817293167,0.2450673446059227,-0.12875578477978705,0.4908415138721466,0.28126668035984037,-0.1271393232047558,c
0.20953429192304612,0.7085623145103455,1.0515470734162591e-07,0.3277896553277969,0.6611976325511932,0.048298082500696185,0.4004132091999054,0.5812221527099609,0.04913959857076407,0.4682821393013,0.5391733646392822,0.030225266795605422,0.5276361405849457,0.5051382303237915,0.011115572159178555,0.29544482231140134,0.33148254454135895,0.04707395546138286,0.38308185935020445,0.21171111315488816,0.023731308721471576,0.4636541038751602,0.23882908821105958,0.0017829002346843481,0.508000499010086,0.29118636548519133,-0.01001503855222836,0.27492332756519317,0.32107076346874236,-0.0008986860717413947,0.3855253607034683,0.18424733132123947,-0.020511975046247244,0.47899365723133086,0.21749576032161713,-0.03341155368834734,0.5189025342464447,0.2915919065475464,-0.03893361650407314,0.27538350522518157,0.33671110570430757,-0.04904659241437912,0.37695526480674746,0.19878059029579162,-0.06375386342406272,0.46833317875862124,0.22575293034315108,-0.060338011384010314,0.5123648405075073,0.2875752031803131,-0.05495249480009079,0.298896723985672,0.3751384824514389,-0.09546616300940514,0.38004600405693056,0.2611961767077446,-0.10671025440096855,0.4497611701488495,0.2559406578540802,-0.09936001002788544,0.4914761006832123,0.285365903377533,-0.0904389962553978,c
0.18540014028549195,0.6703448414802551,4.6510624542861476e-07,0.2959629774093628,0.6310167133808136,0.022249272838234902,0.37220672965049745,0.5641329765319825,0.02195448838174343,0.43928814828395846,0.5253455460071563,0.004713014978915453,0.49405610263347627,0.48363159596920013,-0.011937054479494691,0.3164929896593094,0.3523693889379501,0.06937424167990684,0.3591379255056381,0.23038610070943832,0.04748705364763737,0.4254019170999527,0.22082982063293458,0.019582191295921803,0.47348990440368655,0.25241443514823914,0.0034622654580743983,0.2947706341743469,0.3337110012769699,0.03340904042124748,0.34004723131656645,0.18759736567735671,0.01164179727784358,0.4222295492887497,0.182938115298748,-0.015262771560810507,0.47435173988342283,0.23310924470424652,-0.030216163583099843,0.2775679647922516,0.33011358976364136,-0.008687545789871364,0.32348973751068116,0.18191608935594558,-0.02892523631453514,0.40965990722179413,0.1834101766347885,-0.04521288461983204,0.4665913999080658,0.2332756444811821,-0.05228246562182903,0.271086773276329,0.34361777305603025,-0.05187561921775341,0.31635289788246157,0.22551626712083817,-0.06836593486368656,0.3804551959037781,0.21221897453069688,-0.07366101481020451,0.4294867604970932,0.23958807289600373,-0.07383957505226135,c
0.18879300951957703,0.6755095899105072,3.6720857679028993e-07,0.3019921571016312,0.6341943562030792,0.03179105781018734,0.37586782276630404,0.5661799669265747,0.034410590678453444,0.43980611562728883,0.5287529349327087,0.01790895787999034,0.4963760763406754,0.4896230846643448,0.0011232148099225014,0.3208164095878601,0.3492297887802124,0.07475569695234299,0.36394467651844026,0.22795743942260743,0.054771943017840385,0.4308106333017349,0.2244528830051422,0.0282685324549675,0.4790273070335388,0.2570353001356125,0.012326631086034467,0.2992220461368561,0.3335341513156891,0.03242075499147177,0.3485290914773941,0.18298613280057907,0.011940707126632333,0.43329848647117614,0.18524411469697952,-0.013578238687478006,0.48288293480873107,0.23888417333364487,-0.027797230053693056,0.28229773640632627,0.3336992472410202,-0.015101645328104495,0.3315772294998169,0.17881419956684114,-0.03485964126884937,0.41849405467510226,0.18618397265672684,-0.04907073117792606,0.4718913733959198,0.23735824525356292,-0.05504248030483723,0.2761752963066101,0.3521022766828537,-0.06289476938545704,0.3216626137495041,0.22926431745290757,-0.07913252413272857,0.38500036895275114,0.21921471804380416,-0.08243461474776267,0.43035260736942293,0.24814176857471465,-0.08140275329351425,c
0.24673745185136794,0.7569744706153869,4.394581013256182e-08,0.37041776180267333,0.7093160629272461,0.05735139772295952,0.443480321764946,0.6160581171512604,0.0717938382178545,0.5021704912185669,0.5684660971164703,0.06347628608345986,0.5599839746952057,0.5437450349330902,0.05410936176776886,0.3574636340141296,0.4042999118566513,0.07332445159554482,0.4121720403432846,0.2615258455276489,0.05618644841015339,0.4854531675577164,0.265636146068573,0.039265241101384164,0.528980267047882,0.30502381920814514,0.030483010318130256,0.33508888483047483,0.39867979288101196,0.020877000875771046,0.40870557725429535,0.23384920954704286,0.002160681301029399,0.4993686735630035,0.2539599522948265,-0.010466141463257372,0.5408344030380249,0.3118471711874008,-0.014457525004399941,0.3280793607234955,0.4121390372514725,-0.033240836672484876,0.4009168028831482,0.2451342225074768,-0.05035606399178505,0.49304292500019076,0.2659071832895279,-0.050558611005544665,0.5391271770000458,0.3190162032842636,-0.046363744884729385,0.3389684557914734,0.442205137014389,-0.08521573394536971,0.39786194264888763,0.30258970260620116,-0.1018188402056694,0.4678103595972061,0.2937463134527206,-0.09998921379446983,0.512577885389328,0.32164951264858244,-0.09465562477707863,c
0.2090385898947716,0.7084466755390167,1.6390327743920353e-07,0.32148600816726686,0.6577426016330719,0.04324728436768055,0.39503872096538545,0.5709363579750061,0.05299682691693306,0.45939919650554656,0.5293008148670196,0.041961546055972576,0.5132080495357514,0.4942251145839691,0.029324955958873033,0.31561599373817445,0.37722660303115846,0.07421757131814957,0.37738714516162875,0.2525516331195831,0.05839420929551124,0.4492273449897766,0.25813533514738085,0.03562402464449406,0.4942963093519211,0.29465036988258364,0.021082564839161932,0.29518939554691315,0.3664479464292526,0.028388316743075848,0.36712698340415956,0.2086841955780983,0.008859939628746361,0.45559134483337405,0.22097960561513902,-0.01728772562928498,0.5004330158233643,0.27806293964385986,-0.03262576423585415,0.28437969386577605,0.3705237954854965,-0.020013118907809258,0.35137690901756286,0.20427521616220473,-0.03684647660702467,0.44160849153995513,0.21995021998882294,-0.05205652303993702,0.4898300290107727,0.274469730257988,-0.060166466236114505,0.2883645534515381,0.39008023142814635,-0.06716006547212601,0.34571258127689364,0.2550497055053711,-0.08053365647792816,0.41262727975845337,0.24802709966897965,-0.08387618362903596,0.4560511320829391,0.2809570372104645,-0.08471022844314575,c
0.1715398222208023,0.7190307736396789,3.6884262613057215e-07,0.27841730415821075,0.6591805696487427,0.01995877902954817,0.35145401060581205,0.5814687371253967,0.01678544348105788,0.4145290642976761,0.5454395353794098,-0.0010791051608975977,0.47308979630470277,0.521646249294281,-0.019678946025669573,0.27777107059955597,0.397710520029068,0.04011604338884354,0.3037184655666351,0.2748854041099548,0.012822048366069793,0.36308970749378205,0.2562828779220581,-0.014295470668002963,0.4125910609960556,0.27011422216892245,-0.03103603832423687,0.25408760607242586,0.3975767493247986,0.005325583930243738,0.289544415473938,0.2536250904202461,-0.0249405886977911,0.36473688185215,0.24863125532865524,-0.052758936583995816,0.4161362677812576,0.28597514033317567,-0.06808865889906883,0.23674270361661912,0.4117830991744995,-0.03327598739415407,0.27479868829250337,0.27152179181575775,-0.05912634134292603,0.35418565571308136,0.26405916213989256,-0.07609162777662277,0.4111703306436539,0.29631092846393586,-0.08362697139382362,0.22916218936443328,0.4413868337869644,-0.0722342535853386,0.26330054104328154,0.3303225368261337,-0.09153965711593628,0.3197644859552383,0.304479706287384,-0.09914627000689506,0.36631240248680114,0.3141420245170593,-0.10182882770895958,c
0.24986756294965745,0.7131789028644562,3.338873625580163e-07,0.34730649590492246,0.6546885728836059,0.01244227217976004,0.41180317401885985,0.5715084850788117,0.008247517782729119,0.46852093040943144,0.5207416951656342,-0.009434234257787466,0.5145257830619812,0.47922349274158477,-0.027199485059827565,0.3431164622306824,0.40826730728149413,0.03834548573940992,0.36118176877498626,0.29149789214134214,0.008390694367699325,0.4190440565347672,0.28154697418212893,-0.0209742346778512,0.46571846306324005,0.3043047398328781,-0.038833191804587844,0.32069477438926697,0.40372439920902253,0.007281480636447668,0.347207698225975,0.2669102638959885,-0.025940417125821114,0.4188035070896149,0.25941193997859957,-0.055764098465442655,0.46927270889282224,0.2936834990978241,-0.0720437653362751,0.30275521278381345,0.4131994068622589,-0.029024953953921795,0.3313098937273026,0.277236744761467,-0.0586063951253891,0.40925047397613523,0.2699953496456146,-0.07695522606372833,0.4679881066083908,0.3007744252681732,-0.08468649089336396,0.29307313561439513,0.4378214001655579,-0.0664036925882101,0.3233474224805832,0.3312463998794556,-0.08923051878809929,0.37859776318073274,0.3046425372362137,-0.09885999336838722,0.4259311109781265,0.31181295216083527,-0.10271098911762237,c
0.2801692754030228,0.7122511327266693,3.8710900867044985e-07,0.3714944779872894,0.6620420396327973,0.013536766078323126,0.43450924158096316,0.5905332922935486,0.009535731142386794,0.48495960533618926,0.5497446775436401,-0.007093547144904733,0.5301632046699524,0.5230237364768981,-0.023859455622732638,0.3615737795829773,0.417411607503891,0.03786173015832901,0.3936395287513733,0.31669995188713074,0.014185614045709371,0.4523709177970886,0.3008577287197113,-0.010962386336177587,0.4984296202659607,0.3103692293167114,-0.02712388224899769,0.33998018205165864,0.41312159299850465,0.008615796221420169,0.38306238651275637,0.2864591836929321,-0.017026321031153202,0.4506419777870178,0.27499088644981384,-0.04120264090597629,0.4963399678468704,0.29912964105606077,-0.05482675284147263,0.32564057111740113,0.42213296592235566,-0.024795724637806417,0.36760572493076327,0.2956433892250061,-0.048154441639781,0.4408566355705261,0.2881828874349594,-0.06143577136099339,0.49320249557495116,0.3148787796497345,-0.06670414805412292,0.32213079631328584,0.44549758434295655,-0.05917210839688778,0.364101904630661,0.3441426753997803,-0.0761426754295826,0.4184149980545044,0.32527467906475066,-0.08021000102162361,0.46200827658176424,0.3364132821559906,-0.08059136942029,c
0.30019784569740293,0.7318107187747955,4.3962198787994565e-07,0.4021814584732056,0.6750536978244781,0.015112080797553062,0.46738241314888,0.6055526494979858,0.010432661502272822,0.5225592613220215,0.5607885837554931,-0.007749624224379659,0.567155659198761,0.5182743668556213,-0.02630752706900239,0.3871890753507614,0.43253318071365354,0.043075062707066535,0.4307887047529221,0.3294746220111847,0.02352081360295415,0.4886967271566391,0.31030193865299227,0.00040728966414462777,0.5316538393497467,0.3133137375116348,-0.015395986381918192,0.3654745042324066,0.42562569975852965,0.01276606572791934,0.41767704784870147,0.29276303946971893,-0.008969888580031693,0.48457932472229004,0.27910999953746796,-0.03381769396364689,0.5293564081192017,0.30003000497817994,-0.04945860728621483,0.3528808355331421,0.43409725427627566,-0.021404790878295898,0.39901141822338104,0.30176569521427155,-0.041012075170874594,0.4721123456954956,0.2920166581869125,-0.055736216530203816,0.5235521674156189,0.31845912933349607,-0.06364984810352325,0.3522660076618195,0.4575685769319534,-0.05637803822755814,0.3956690073013306,0.3496371567249298,-0.07004680708050728,0.4523549497127533,0.32773819863796233,-0.07413893714547157,0.49842043220996857,0.33890541195869445,-0.07578772231936455,c
0.220170259475708,0.6848470330238342,4.6330682437201174e-07,0.29948547184467317,0.6358842074871063,-0.003631092034629546,0.3638653099536896,0.5620169520378113,-0.010812850063666701,0.4202604442834854,0.5220319092273712,-0.02558586709201336,0.469965386390686,0.48796753883361815,-0.04021167457103729,0.2999779611825943,0.4018104374408722,0.023801161721348763,0.3200495183467865,0.30121237337589263,0.0011175247939718246,0.3622365266084671,0.2735765665769577,-0.023041503317654134,0.40234301388263705,0.26898127496242524,-0.03835669942200184,0.2722983628511429,0.3959299445152283,0.006168764538597315,0.29809096455574036,0.27772011756896975,-0.01845802739262581,0.35160923898220064,0.25899386405944824,-0.043542679771780966,0.39754323065280917,0.2768088340759277,-0.05783455707132816,0.2473948135972023,0.40384985208511354,-0.016462958045303823,0.27593775391578673,0.2880360156297684,-0.040229715406894684,0.33622078895568847,0.2668295443058014,-0.057530788332223894,0.389325812458992,0.28268519341945647,-0.06509970352053643,0.22855177521705627,0.42397401928901673,-0.040929275751113894,0.2599553823471069,0.33009226322174073,-0.059716620668768886,0.30552259981632235,0.30099163949489594,-0.06755995005369186,0.3493089288473129,0.30289981663227084,-0.06996576637029647,c
0.19699520319700242,0.7058751344680786,4.553662165562855e-07,0.29667682349681856,0.6621420562267304,0.015450317459180952,0.3620385885238647,0.6050939977169036,0.012319604028016328,0.4222181737422943,0.5719475388526917,-0.0037182746222242714,0.4769191950559616,0.5430065333843231,-0.020757814100943506,0.3060987889766693,0.4324640095233917,0.0421793419867754,0.33319049775600434,0.3250725895166397,0.01959231512155384,0.3779690384864807,0.2881086736917496,-0.004659074955998222,0.42062182128429415,0.27664371728897097,-0.02089314768090844,0.28628335893154144,0.4193248271942139,0.009695048118010164,0.31886966824531554,0.28791177868843076,-0.01457079304382205,0.3821615010499954,0.25183516293764113,-0.0389374740421772,0.43671639561653136,0.25667599886655806,-0.05419190526008606,0.26560657322406767,0.42249963283538816,-0.027619912661612032,0.3009780138731003,0.28677094876766207,-0.05148371644318104,0.36821297407150266,0.25832299143075943,-0.06748963221907615,0.4256053388118744,0.2656738206744194,-0.0761176623404026,0.25027176588773725,0.44144611358642577,-0.06568502075970173,0.2815281510353088,0.3367700219154358,-0.08562810644507408,0.32890523672103883,0.2996575772762299,-0.09326013028621674,0.37351168394088746,0.2893151670694351,-0.0969359315931797,c
0.21626186668872832,0.7049079239368439,4.837430481074989e-07,0.31502680778503417,0.6670634806156158,0.017952618189156055,0.3823090583086014,0.6105522453784943,0.013882761541754007,0.44363960027694704,0.5848943829536438,-0.00376771510054823,0.5023526132106781,0.5620632171630859,-0.022588551230728626,0.3364048182964325,0.435096350312233,0.04146839641034603,0.38337923884391784,0.3330266267061234,0.020054611936211587,0.43968121111392977,0.305961999297142,-0.002586823310412001,0.4881794363260269,0.3024188756942749,-0.017719343584030867,0.3169452637434006,0.4228642851114273,0.008529949001967907,0.37409389615058897,0.2959465980529785,-0.013851716369390487,0.44153079986572263,0.2785064846277237,-0.03673847168684006,0.4942527085542679,0.2929474115371704,-0.05110855437815189,0.30259799063205717,0.42902438044548036,-0.028517105244100095,0.3585690975189209,0.29460168778896334,-0.051562200859189035,0.43065051138401034,0.28301929235458373,-0.06634974516928197,0.48707452416419983,0.30158844888210296,-0.07415733858942986,0.2973203152418137,0.4528507798910141,-0.06588159129023552,0.35001665651798247,0.3499811261892319,-0.08377840667963028,0.4054643601179123,0.3239744663238525,-0.08996900916099548,0.4530458629131317,0.32172343134880066,-0.09296413660049438,c
0.2572492018342018,0.6871062099933625,5.028843844456788e-07,0.35086011588573457,0.6443540215492248,0.02027126932516694,0.41081266701221464,0.5868908584117889,0.0171841889154166,0.47192669212818145,0.5670727252960205,-8.616058621555567e-05,0.5245788276195527,0.5464840829372406,-0.01894234661012888,0.35720940232276915,0.41596764922142027,0.044092758744955066,0.40569675862789156,0.31733168065547945,0.02506673997268081,0.46125209629535674,0.28900780379772184,0.0032884529733564704,0.507865434885025,0.28607429265975953,-0.01154051230987534,0.33899575769901275,0.4047600120306015,0.01095707737840712,0.3952572524547577,0.2807407110929489,-0.01059796279296279,0.4614294201135635,0.2619467705488205,-0.03434977699071169,0.513103723526001,0.2794388115406036,-0.049105815961956976,0.32723447382450105,0.4103051424026489,-0.025779852457344533,0.3817035615444183,0.27803132832050326,-0.046365340054035184,0.45244299471378324,0.2631984233856201,-0.06244971454143524,0.5067336797714234,0.28072344362735746,-0.07144483923912048,0.3258145421743393,0.43164444863796236,-0.0625991601496935,0.3769461989402771,0.32764229774475095,-0.07795213460922241,0.4300947070121765,0.29812705218791963,-0.08426110744476319,0.4766528755426407,0.2934550344944,-0.08777251392602921,c
0.27345053255558016,0.7068949103355407,4.4518859567688194e-07,0.37351975440979,0.6527085065841675,0.033516133390367034,0.4351894348859787,0.591346025466919,0.03398196715861559,0.49436060190200803,0.5607384741306305,0.017006467375904322,0.5467976450920105,0.5322158575057984,-0.0025118933983321766,0.36392441391944885,0.4268497496843338,0.057192706316709516,0.4110210657119751,0.31809410750865935,0.04130413793027401,0.46885677576065066,0.2915741175413132,0.020641623716801404,0.516054779291153,0.2953495591878891,0.006759021582547575,0.3446419984102249,0.41940273642539977,0.016784634441137314,0.3982329726219177,0.27997753620147703,-0.0018989747230079956,0.4687499612569809,0.26272964775562285,-0.025424393825232983,0.5202692568302154,0.2935157150030136,-0.03970030955970287,0.33297860622406006,0.4265801846981049,-0.025855236686766148,0.38513347804546355,0.28258476555347445,-0.0399580642580986,0.4587871193885803,0.268749526143074,-0.052416852489113805,0.513190358877182,0.29344817996025085,-0.06016802601516247,0.33450907468795776,0.44918312728404997,-0.06787402108311653,0.38133044838905333,0.33376976251602175,-0.07640641406178475,0.4348264873027802,0.3082607924938202,-0.07725644707679749,0.4792037487030029,0.31295923292636874,-0.07743152379989623,c
0.2756123512983322,0.7025541067123413,4.490823471314798e-07,0.3746288508176804,0.6499297261238098,0.031844783760607245,0.4354329168796539,0.5890328109264373,0.03163450304418802,0.4943716794252396,0.560776537656784,0.014309768239036203,0.54638170003891,0.5357111692428589,-0.005280253279488533,0.3655364692211151,0.42094927430152895,0.05565226711332798,0.4112972587347031,0.31116427183151246,0.039103022590279576,0.46921089887619016,0.2847220987081528,0.017898648418486117,0.5162469327449799,0.28916251063346865,0.0037640994996763766,0.34704339504241943,0.41449782252311707,0.016347642708569764,0.4000356674194336,0.27528577446937563,-0.002487260550242354,0.4702008843421936,0.2587192267179489,-0.026232095248997212,0.5208253681659698,0.28974210321903227,-0.04075337685644627,0.33644542694091795,0.4215629190206528,-0.02533072456717491,0.3885284423828125,0.27932336628437043,-0.039104369841516017,0.46168871223926544,0.2654678374528885,-0.052108858898282054,0.5150519728660583,0.29058331847190855,-0.060332471132278444,0.33878191709518435,0.44304585456848145,-0.06660101823508739,0.38553732335567475,0.330371755361557,-0.0744436088949442,0.43861203789711,0.3052991390228271,-0.07559300437569619,0.48235231041908266,0.3099872201681137,-0.07618596702814102,c
0.09928573220968247,0.6845515370368958,4.938033129064934e-07,0.1982078358530998,0.633733868598938,0.004196786938700825,0.2752890795469284,0.5680320620536804,-0.0019250844095950014,0.3415564030408859,0.5291490077972412,-0.018734837509691717,0.3972948580980301,0.48930108547210693,-0.0353247731924057,0.21233473122119903,0.3906999289989471,0.037875767797231674,0.2448410287499428,0.27911789119243624,0.013919003680348397,0.2960035681724548,0.25432186722755434,-0.01237174728885293,0.33719598352909086,0.25791005194187167,-0.028869614377617835,0.18604913502931594,0.37716695070266726,0.01262870179489255,0.22438035607337953,0.23750822246074677,-0.015873227454721927,0.29040786623954773,0.2251679316163063,-0.045431749522686006,0.3380683124065399,0.25868370234966276,-0.061912699788808825,0.15804562270641326,0.3790664732456207,-0.01800529770553112,0.19722191393375396,0.23966384679079056,-0.045491140335798264,0.26933503746986387,0.229282183945179,-0.06639830991625786,0.32484890818595885,0.25853033661842345,-0.07592306360602379,0.13490174114704132,0.39662009477615356,-0.04981141947209835,0.17875189930200577,0.28781192302703856,-0.0716160073876381,0.23589683026075364,0.26145335137844083,-0.08209887668490409,0.285059443116188,0.26866835355758667,-0.08644446730613708,c
0.2595276564359665,0.616950911283493,4.90914788997543e-07,0.3293790191411972,0.5829664468765259,0.004424389870837331,0.3821779489517212,0.528806084394455,0.00199540494941175,0.43189636766910555,0.49977308213710786,-0.008560026250779628,0.47068215906620026,0.47491362392902375,-0.019282857608050107,0.32010588645935056,0.3780033588409424,0.03324703862890601,0.3533983588218689,0.29754193425178527,0.01854621944949031,0.3959176778793335,0.26598369181156156,3.859505814034492e-05,0.43171635568141936,0.25430255234241483,-0.01200632422696799,0.3029952198266983,0.36794479489326476,0.015085166413336992,0.34276815354824064,0.27307765781879423,-0.000697613728698343,0.3913679659366608,0.24543976187705993,-0.020169475174043328,0.43012345433235166,0.24274413734674455,-0.03157002474181354,0.29138380885124204,0.36840797662734986,-0.0067944373469799755,0.3277783155441284,0.26572117656469346,-0.023397294688038528,0.3808141350746155,0.2411666676402092,-0.0365286105312407,0.4217750668525696,0.24195369482040405,-0.04208563417196274,0.28638136982917783,0.38061201572418213,-0.029740587749984115,0.32238767147064207,0.291072741150856,-0.04203631770797074,0.3635828226804733,0.26284983307123183,-0.04561877634841949,0.39976232349872587,0.2568812116980553,-0.04565558282774873,c
0.24415772706270217,0.7944792985916138,2.6774682311270225e-07,0.3665621280670166,0.7075540721416473,0.042944802716374395,0.4330593317747116,0.6260601818561554,0.04986160919070244,0.4952873378992081,0.5770894467830658,0.03640456423163414,0.5567103028297424,0.537356024980545,0.02112570605822839,0.33522363305091857,0.44858138263225555,0.07407154850661754,0.39079325199127196,0.333635538816452,0.05685995891690254,0.4571167975664139,0.32407782673835756,0.03381956126540899,0.5080876290798187,0.3405420154333115,0.01793495137244463,0.31035825312137605,0.43700329661369325,0.028375552408397196,0.37938604056835173,0.29233664870262144,0.004741949638992082,0.45947920978069307,0.290353587269783,-0.021935556503012776,0.5141465246677399,0.3298873096704483,-0.03712215162813663,0.2971675395965576,0.4444209486246109,-0.01996584115549922,0.36448187530040743,0.2936099171638489,-0.041311131231486796,0.45001319944858553,0.29322040975093844,-0.05576951391994953,0.5108171045780182,0.3300987958908081,-0.062400912120938304,0.29986156821250914,0.46973963975906374,-0.06712882667779922,0.35598187446594237,0.34168557822704315,-0.0836903266608715,0.4206498324871063,0.3122644007205963,-0.08872180134057998,0.4758217573165894,0.31738018095493314,-0.09019891694188117,c
0.24693769812583924,0.7752114593982696,3.96113895817507e-07,0.3554317742586136,0.6952288091182709,0.024200635589659215,0.42286324203014375,0.6143101692199707,0.025799353048205374,0.4876794308423996,0.5658244252204895,0.011092066811397672,0.5498120248317718,0.5211442112922668,-0.004104696505237371,0.3407809346914291,0.4454280287027359,0.06391195617616177,0.38390375673770905,0.3313201814889908,0.043292928114533426,0.4473142921924591,0.312812414765358,0.01782421674579382,0.4986731827259064,0.320844367146492,0.001211685562157072,0.3186234891414642,0.43119105100631716,0.028671138733625413,0.3694628983736038,0.29013651609420776,0.004145813279319554,0.4440373718738556,0.2791603922843933,-0.023319016583263873,0.49879795014858247,0.3078663021326065,-0.03921498395502567,0.3019485682249069,0.43406612873077394,-0.011354205198585987,0.3527328550815582,0.285733300447464,-0.03599018156528473,0.4330357939004898,0.28024174869060514,-0.05285195633769035,0.49352956414222715,0.31275673806667326,-0.06002419926226139,0.2957026779651642,0.45277367532253265,-0.05159476138651371,0.34633490443229675,0.33005647659301757,-0.07095828875899315,0.4117615193128586,0.3039991021156311,-0.07752721756696701,0.46790764331817625,0.31221196353435515,-0.07917884290218354,c
0.19871459305286407,0.6833397567272186,5.743617180087312e-07,0.28891572654247283,0.63891481757164,0.004116770898690447,0.35539103448390963,0.5800344049930573,-0.000806952289713081,0.4226123571395874,0.549534124135971,-0.016361018549650906,0.47772165536880495,0.5234324693679809,-0.03264163639396429,0.3015379160642624,0.41452129781246183,0.04100107587873936,0.3330653965473175,0.3111958414316177,0.02022723201662302,0.38335338830947874,0.27845988869667054,-0.0044843262527138,0.42931659817695617,0.2708857893943787,-0.020820891577750446,0.2822561413049698,0.399507999420166,0.01751658506691456,0.32072209417819975,0.2733594596385956,-0.006719823682215065,0.38320763111114503,0.2509424552321434,-0.03440091870725155,0.43455650508403776,0.2679680734872818,-0.050674579292535785,0.26157174110412595,0.3974398344755173,-0.011347547499462962,0.2981382369995117,0.26389095187187195,-0.035359753854572774,0.36637806296348574,0.2457907646894455,-0.055181233957409856,0.42312089204788206,0.26371007561683657,-0.06474684067070484,0.24386110603809358,0.40935351848602297,-0.04159136526286602,0.2828291028738022,0.3054418683052063,-0.0606383103877306,0.3346250355243683,0.2777639597654343,-0.06961675509810447,0.3826968252658844,0.27882943451404574,-0.07337695956230164,c
0.3172970861196518,0.6785277724266052,4.5518062847804685e-07,0.4065334141254425,0.6205366730690003,0.03291986547410488,0.456112676858902,0.5605730473995209,0.03327006176114082,0.5050791144371033,0.5265615284442902,0.017267198557965456,0.5509874582290649,0.49110200107097624,-0.0002894733508583158,0.37044856548309324,0.38022656738758087,0.0503972914069891,0.3978271335363388,0.2676050662994385,0.033762426674366,0.4551311582326889,0.23295342475175856,0.013494760729372501,0.5074704825878144,0.22918834835290908,0.0005296795279718935,0.352802038192749,0.3731327444314957,0.013200951693579554,0.380271914601326,0.23439702689647673,-0.005815682947286405,0.45436674654483794,0.20495472699403763,-0.02701398730278015,0.5142739534378051,0.22480588406324387,-0.03980030454695225,0.34781202375888826,0.3819934666156769,-0.025909753143787385,0.37763225138187406,0.2381851628422737,-0.041617898643016814,0.45611533224582673,0.20895254164934157,-0.05678366050124169,0.5180516242980957,0.22123450189828872,-0.06560864113271236,0.35985193252563474,0.40378674268722536,-0.06371197737753391,0.3939446985721588,0.2862787514925003,-0.07380069196224212,0.44902577102184293,0.24821197241544724,-0.07736580893397331,0.4989287406206131,0.2399776205420494,-0.07890917286276818,c
0.5939153671264649,0.6889910936355591,-2.1608210829526797e-07,0.5025793343782425,0.6392687797546387,0.009082967322319746,0.4363281786441803,0.5727771997451783,0.003961858164984733,0.37463825941085815,0.539651095867157,-0.01375043038278818,0.31314935982227327,0.5265390306711197,-0.030931240878999233,0.4926494717597961,0.4179012030363083,0.054917918518185616,0.46345449388027193,0.32603439688682556,0.032737089321017265,0.4184278130531311,0.30325656831264497,0.005075708241201937,0.377689453959465,0.3043427735567093,-0.013467772584408521,0.5157499670982361,0.4072379499673843,0.027336605824530125,0.48104523718357084,0.29162973165512085,0.0046712635492440315,0.4240982949733734,0.27625411450862886,-0.019042874313890935,0.37778179049491883,0.29612489342689513,-0.033043662644922735,0.5359120547771454,0.4109701871871948,-0.007279676478356123,0.5031336545944214,0.2894104510545731,-0.0265804972499609,0.4412732422351837,0.26862531900405884,-0.03866415955126286,0.39322549700737,0.2830416828393936,-0.043332457169890405,0.5486318349838257,0.4269379585981369,-0.04400584436953068,0.5142569124698639,0.3199119657278061,-0.05631170496344566,0.4644726783037186,0.2843759834766388,-0.06117305308580399,0.4204700142145157,0.28049229383468627,-0.06310718432068825,c
0.6145528078079223,0.668022882938385,-4.2569855054352954e-07,0.5333923041820526,0.6194554269313812,0.001891426366637461,0.4759885907173157,0.5488133490085602,-0.0073646695353090765,0.42713349759578706,0.5051053464412689,-0.02364573339000344,0.38654679954051974,0.4721458911895752,-0.036932313442230226,0.5803309261798859,0.41387455761432645,0.02130603212863207,0.5379856169223786,0.32374127507209777,-0.004007707349956036,0.47787059247493746,0.30659010708332063,-0.027791582560166717,0.43406745195388796,0.31854154765605924,-0.04157077204436064,0.5957665383815766,0.40799860656261444,0.003339171630796045,0.539011150598526,0.29193886518478396,-0.017994110891595482,0.4715287506580353,0.28087774515151975,-0.03352452348917723,0.42939583361148836,0.30192909240722654,-0.04227898288518191,0.5971833348274231,0.41752821803092954,-0.019539369735866785,0.544758015871048,0.29924230873584745,-0.038288531452417375,0.4771276652812958,0.2828012198209763,-0.045417874678969385,0.43282851576805115,0.29960829615592954,-0.047377847507596015,0.5793489575386047,0.439427849650383,-0.04371048584580421,0.5372404396533966,0.34124065935611725,-0.05669432803988457,0.48676630258560183,0.3129315823316574,-0.05964308641850948,0.4468452364206314,0.3128854393959045,-0.05989827550947666,c
0.7863866567611695,0.6857686281204224,-1.5748511401625364e-07,0.704130744934082,0.6452022612094879,1.1566851753741503e-05,0.6379883110523223,0.5947980463504792,-0.004006294021382928,0.5851352214813232,0.5639089941978455,-0.016149778105318546,0.550337678194046,0.5165678799152374,-0.0267377607524395,0.6839241743087768,0.4527490854263306,0.044188039004802705,0.6562320411205291,0.3785634011030197,0.026197843626141547,0.6241687834262848,0.3586190313100815,0.00111821212049108,0.5896891534328461,0.3572178304195404,-0.015925223007798195,0.7075516045093536,0.44022435545921323,0.027705204114317893,0.6775101959705353,0.3511341065168381,0.008904169918969274,0.6397247791290284,0.33125061094760894,-0.015440150629729033,0.6040130078792572,0.3422004967927933,-0.030715097673237324,0.7333672642707825,0.43764761090278625,0.004980409378185868,0.7060218095779419,0.34297638535499575,-0.010118588944897056,0.6645360708236694,0.3205415189266205,-0.024089075066149233,0.6275472223758698,0.32964305579662323,-0.0311281431466341,0.76070995926857,0.44578859210014343,-0.020007709600031377,0.7353983700275422,0.36034382581710817,-0.03156764339655638,0.6970273911952972,0.32679574489593505,-0.03906938880681991,0.6603702962398529,0.31978321969509127,-0.04277155473828316,c
0.7309469878673553,0.6873734652996063,-2.1645715690965518e-07,0.6529146671295166,0.6482418835163116,0.008126021409407259,0.5936236202716827,0.5935077607631684,0.005956904392223805,0.5473945379257202,0.56586953997612,-0.0058296337840147315,0.5111551821231842,0.5356559455394745,-0.0170659214258194,0.6417478084564209,0.46733772158622744,0.0368674261495471,0.6093694508075714,0.396949365735054,0.015919842338189483,0.5670274496078491,0.38024320602416994,-0.007836611988022924,0.529726505279541,0.38418806791305543,-0.023173559457063675,0.6620004296302795,0.4576355367898941,0.014526781113818287,0.6269636809825897,0.3680074691772461,-0.006735201076662633,0.5743387281894684,0.3568931341171265,-0.027587469294667245,0.5339105367660523,0.3757918208837509,-0.03975101001560688,0.6816129922866822,0.4584974855184555,-0.012735384842380881,0.6506316184997558,0.3626053422689438,-0.03063865564763546,0.5945298969745636,0.34781014621257783,-0.041633599996566774,0.553885531425476,0.3633702784776688,-0.04575164578855038,0.6973881125450134,0.4693078279495239,-0.04138457551598549,0.66807781457901,0.38418097496032716,-0.054301312565803526,0.6237379014492035,0.3571616649627686,-0.05927071124315262,0.5871198534965515,0.35822480022907255,-0.06063570380210877,c
0.7535383224487304,0.7938351213932038,-7.331135748245288e-07,0.6429892838001251,0.6915534675121308,0.013455398473888635,0.5582284271717072,0.6068345546722412,-0.005101789988111704,0.48382105827331545,0.5563094973564148,-0.03381664697080851,0.4400771170854568,0.5296080768108368,-0.05986708104610443,0.7135390937328339,0.4425395429134369,0.0219316927716136,0.6201298713684082,0.3513429373502731,-0.015339263342320919,0.5313579142093658,0.3519660919904709,-0.05155074298381805,0.46497032046318054,0.3811697751283646,-0.07370844148099423,0.7237710773944854,0.4474025726318359,-0.006721706094685942,0.5968267679214477,0.30406809151172637,-0.04345595147460699,0.5093864440917969,0.3307619452476501,-0.07353485822677612,0.45946856737136843,0.39087713062763213,-0.09158979579806328,0.7173502802848816,0.473302298784256,-0.03771867509931326,0.6164389073848724,0.3347426801919937,-0.06047327630221844,0.5251368880271912,0.33952230513095855,-0.07271463759243488,0.4632900536060333,0.38410516679286955,-0.0785953439772129,0.6836172938346863,0.5158262133598328,-0.06847459711134433,0.6027034997940064,0.4079626500606537,-0.07827893793582916,0.5330948293209076,0.38370499908924105,-0.08030567094683647,0.4772762209177017,0.38833137452602384,-0.08106803856790065,c
0.7390808880329132,0.6666852414608002,-3.234969796039877e-07,0.6631655156612396,0.6244347989559174,0.010668146703392268,0.6026692986488342,0.5678206384181976,0.006274534412659705,0.5502574145793915,0.5410668730735779,-0.008240381313953549,0.5051244497299194,0.5167450547218323,-0.021787843201309443,0.6609760880470276,0.4324581384658813,0.03947307281196118,0.61795454621315,0.3721277594566345,0.01995933223515749,0.5709000885486603,0.3560693383216858,-0.0024780752224614843,0.5326020658016205,0.35944696664810183,-0.017279338743537664,0.678718113899231,0.4230876058340073,0.015553655754774808,0.6293212592601776,0.3362823873758316,-0.003781657150830142,0.5740233838558197,0.3267341285943985,-0.021783442050218583,0.5332592785358429,0.34669096767902374,-0.032404151558876035,0.691353440284729,0.4281561315059662,-0.013299404364079236,0.6455207526683807,0.3361816883087158,-0.030008775368332862,0.5874160587787628,0.3226457327604294,-0.03871086314320564,0.5468691408634185,0.33842349946498873,-0.04198076501488686,0.6928802549839019,0.4470879018306732,-0.043335520476102826,0.6519792914390564,0.3685534864664078,-0.05468381382524967,0.6062593281269073,0.3421102434396744,-0.058769707754254344,0.5689223945140839,0.34041526913642883,-0.060227704048156736,c
0.7778534829616547,0.6533011794090271,-3.925976244545382e-07,0.6941332638263702,0.5918064594268799,0.011421122401952744,0.6255962550640106,0.5197557926177978,0.006988534447737038,0.5668348908424378,0.4839475750923157,-0.009493315918371081,0.5185316383838654,0.4546873867511749,-0.025034562684595585,0.7007964789867401,0.38208546340465543,0.04976646825671196,0.6647538483142853,0.3103607058525085,0.026993441209197045,0.6150209963321686,0.2922268807888031,-0.0007083800621330739,0.5700863897800446,0.2936625599861145,-0.019704668782651424,0.7238977670669555,0.3738457888364792,0.022050482407212257,0.6760217249393463,0.27311578691005706,-0.004174024011990696,0.6163407385349273,0.2656755030155182,-0.0293510589748621,0.5686725616455078,0.2913263410329819,-0.04355641268193722,0.7414174854755402,0.3817430645227432,-0.011521837394684552,0.6928991198539733,0.2787566989660263,-0.03301084171980619,0.6284895241260529,0.2671953499317169,-0.04508889690041542,0.5800021708011627,0.2856889843940735,-0.049363716319203374,0.7462851047515869,0.40481038987636564,-0.046459545567631724,0.6968172192573547,0.31808504164218904,-0.05983203239738941,0.6437411367893219,0.290530788898468,-0.06494399271905422,0.5985998392105103,0.28696490824222565,-0.06695356070995331,c
0.7408693075180054,0.6537701845169067,-8.823062884744104e-08,0.6560720682144165,0.6295157492160797,-0.005148481600917876,0.5835324645042419,0.5820810914039611,-0.00924790590070188,0.5235158264636993,0.5548164367675781,-0.020458814315497877,0.474383208155632,0.520112806558609,-0.030805681273341178,0.6293090045452118,0.43552434742450713,0.038760649785399434,0.5952688157558441,0.3659761071205139,0.025135503709316255,0.5617389917373657,0.33808558285236356,0.00396354315453209,0.5259713232517242,0.322573646903038,-0.01278888015076518,0.6521456718444825,0.4161759436130524,0.023659112863242626,0.6126207947731018,0.3355447262525558,0.007744297804310918,0.5703523933887482,0.31072025299072265,-0.014410839974880218,0.5288201451301575,0.30719106197357177,-0.03012714833021164,0.677733051776886,0.4086434572935104,0.002232192852534354,0.6381365776062011,0.3189873337745667,-0.015064937062561512,0.5931677877902984,0.29452681839466094,-0.02973659448325634,0.5499779224395752,0.2938725918531418,-0.037994814291596415,0.7047219097614288,0.41119460463523866,-0.021649868041276932,0.669450169801712,0.3272323489189148,-0.037499628588557245,0.6290965855121613,0.2944770216941833,-0.046825036033988,0.5883605539798736,0.2834455817937851,-0.05225664898753166,c
0.7246799349784852,0.7302268385887146,-9.54114490525626e-08,0.6300011396408081,0.6913455605506897,0.006348253603209742,0.5554877698421479,0.630984091758728,0.004288884680136107,0.4942518800497055,0.6006482779979706,-0.008016597712412477,0.43675481379032133,0.5843525171279907,-0.02102591097354889,0.6043762922286987,0.49403288662433625,0.046729331091046336,0.5688685238361358,0.4202618569135666,0.029050460644066335,0.5305879294872284,0.39122362434864044,0.004480125627014786,0.49043291211128237,0.37695381343364714,-0.014265605591936037,0.6297956705093384,0.4782093226909637,0.023210567235946656,0.5876609325408936,0.39546227753162383,0.004234333010390401,0.5399752020835876,0.36735824346542356,-0.020718775689601898,0.49336187839508056,0.36051142811775205,-0.03863064032047987,0.6578668296337128,0.47685919106006625,-0.006093464745208621,0.6175035297870636,0.38494180142879486,-0.02610251270234585,0.5657727777957916,0.3565204977989197,-0.04163229763507843,0.5175754129886627,0.3532460004091263,-0.050491395965218545,0.6853742003440857,0.4869544059038162,-0.036872127652168275,0.6496656358242034,0.39667315483093263,-0.05360246039927006,0.606212043762207,0.35982881784439086,-0.06187986955046654,0.563249695301056,0.3463779777288437,-0.06690167933702469,c
0.7226412177085877,0.7206751942634583,-8.173835652769412e-08,0.6244098365306854,0.6819801986217499,0.014871451584622265,0.549804174900055,0.6233419477939606,0.017002523521659894,0.4880315035581589,0.5939255952835083,0.006053579272702336,0.4285378098487854,0.5758827865123749,-0.006097159162163734,0.5984747171401977,0.4826022028923035,0.06804152615368367,0.5632728695869446,0.4100409895181656,0.056684065610170364,0.5259220004081726,0.38302444815635683,0.03363766511902213,0.48476671874523164,0.37004943788051603,0.014558668807148933,0.6237740635871887,0.46736658811569215,0.039047596603631975,0.5811195254325867,0.3864420473575592,0.02419734476134181,0.5338808953762054,0.3592204302549362,-0.002774699051224161,0.4872910439968109,0.35645062327384947,-0.022882823087275028,0.650936233997345,0.466031488776207,0.0039483420317992565,0.6096805095672607,0.37650097608566285,-0.013443221617490054,0.5581061542034149,0.3498654901981354,-0.030671513453125954,0.5090966761112213,0.3496689200401306,-0.041464633867144586,0.677399891614914,0.47569181621074674,-0.03230084367096424,0.6391534209251404,0.3879361778497696,-0.04778774455189705,0.5957108855247497,0.35262327194213866,-0.056923072785139084,0.552511465549469,0.3396716594696045,-0.06330234110355377,c
0.6641818404197692,0.6505012929439544,-1.6477962958560965e-07,0.5912440061569214,0.6239551663398742,0.002301020214872551,0.5266417264938354,0.5695226490497589,0.0030179177469108255,0.47512224316596985,0.5382430374622345,-0.004058253893163055,0.4301923781633377,0.5170693635940552,-0.01083924105623737,0.5661443114280701,0.45046345591545106,0.04265563227236271,0.536120718717575,0.3886092782020569,0.03088260218501091,0.503218737244606,0.3673772573471069,0.012556380545720457,0.4704941213130951,0.3599728852510452,-0.0012541924719698728,0.5863551676273346,0.43709743618965147,0.026078631170094013,0.5528290748596192,0.3619446486234665,0.012432219227775931,0.5134350299835205,0.3423569440841675,-0.006672352168243379,0.4760383993387222,0.3445710510015488,-0.019483103416860104,0.6090911328792572,0.4334392845630646,0.004015825568149012,0.5771388351917267,0.3511704206466675,-0.011407026438973844,0.5336785793304444,0.32949031591415406,-0.0249633826315403,0.4948113262653351,0.33286433219909667,-0.03199941422790289,0.6312418520450592,0.4363275706768036,-0.019570294860750438,0.5993140280246735,0.3616690367460251,-0.03251142557710409,0.5620210349559784,0.3334367036819458,-0.040104789286851884,0.5268972635269165,0.32713923156261443,-0.04443137794733047,c
0.875501674413681,0.4841747969388962,6.963524697312095e-07,0.8048655569553376,0.3577825605869293,0.003927993885008618,0.7170000553131104,0.29434847831726074,0.00702272531343624,0.6351456701755523,0.2973689675331116,0.013280895864591002,0.5935693085193634,0.3374392479658127,0.02188396817073226,0.6652596175670624,0.38165793418884275,-0.03206474930047989,0.5472463965415955,0.37717645764350893,-0.031120730563998222,0.5047675937414169,0.382429301738739,-0.018717475514858962,0.48043836653232574,0.3948701202869415,-0.006186233065091073,0.6564128458499908,0.4814786732196808,-0.033159826137125495,0.5255349457263947,0.4611643671989441,-0.03278585392981768,0.45689488351345064,0.455757936835289,-0.02391245514154434,0.41253254413604734,0.46291587352752683,-0.016073666419833897,0.6639784872531891,0.5676882147789002,-0.029110437631607054,0.5716545104980468,0.5399385452270508,-0.02354152500629425,0.5868179857730865,0.5061096727848053,-0.00976822127122432,0.6202521920204163,0.49055428206920626,0.0015894590760581195,0.6836803019046783,0.6343908071517944,-0.02403324767947197,0.6163204431533813,0.5983669936656952,-0.009479162143543362,0.6242606580257416,0.5659877121448517,0.01143211720045656,0.6491252422332764,0.5475139081478119,0.028422361332923175,c
0.73033909201622,0.6828989207744598,-2.207845611224002e-07,0.6529092848300934,0.651668381690979,0.0023206270998343825,0.5876290619373321,0.5997366487979889,0.0008543226635083556,0.5390751302242279,0.5663059532642365,-0.008600757300155238,0.502952927350998,0.5266409099102021,-0.0170014604460448,0.6281709730625152,0.4710636168718338,0.04050158150494099,0.5969644010066986,0.4028311729431152,0.02213421305641532,0.5619667887687683,0.38763867020606996,-0.0011453206650912761,0.5277208268642426,0.3902340054512024,-0.016562933824025093,0.6504673480987548,0.4597585767507553,0.023408820270560682,0.6161210894584656,0.3792544722557068,0.0040023740846663715,0.5746230602264404,0.36530461311340334,-0.019119524257257582,0.5378069221973419,0.376374089717865,-0.03314840756356716,0.6750162303447723,0.4579743921756744,0.0008232455933466553,0.6424014747142792,0.3719996750354767,-0.016761698946356773,0.5971531450748444,0.35484364032745364,-0.030619157291948796,0.5590346932411194,0.36418436765670775,-0.0368293171748519,0.7006425797939301,0.46540617048740385,-0.023319597728550433,0.6692475378513336,0.3878524601459503,-0.036698395013809205,0.6298071146011353,0.3606279015541077,-0.04376394748687744,0.5940854907035827,0.3565303087234497,-0.046735736355185506,c
0.6795661151409149,0.7029812633991241,-3.3605968212668814e-07,0.5938045382499695,0.6509021759033203,0.010882245190441609,0.5297075986862183,0.5869273543357849,0.006541117327287793,0.4755985110998154,0.5577123939990998,-0.008542403101455421,0.430286368727684,0.5358496725559234,-0.02347627067938447,0.5950714111328125,0.4524470120668411,0.04129133671522141,0.5512279987335205,0.3864815950393677,0.018034319486469032,0.5026337295770645,0.3700586944818497,-0.008692218858050183,0.4609431266784668,0.375499016046524,-0.02613221313804388,0.6176624655723572,0.4450524985790253,0.015759820211678745,0.5690034449100494,0.3546591132879257,-0.008244280808139593,0.512928593158722,0.3441364109516144,-0.03189644943922758,0.46904250979423523,0.3669574111700058,-0.04598635584115982,0.6348316907882691,0.45395116209983827,-0.015069609321653844,0.5925055146217346,0.35358400344848634,-0.03534224219620228,0.5323248147964478,0.33600967228412626,-0.04897991865873337,0.4874899536371231,0.35202465355396273,-0.05496597588062287,0.6409115731716156,0.4767508149147034,-0.046954889222979544,0.6026742875576019,0.38938518464565275,-0.061484203487634656,0.5560155630111694,0.35588168203830717,-0.06882989816367627,0.5150211811065674,0.3484980136156082,-0.07236620709300041,c
0.7738446772098542,0.8887903153896332,-6.6389967514624e-07,0.6297820031642913,0.7901447117328644,0.003256383808911778,0.5173794507980347,0.6873178243637085,-0.016577513422816992,0.4355608284473419,0.6390015721321106,-0.05001057051122189,0.38506591618061065,0.5944769620895386,-0.0788543812930584,0.6363575220108032,0.4798308044672012,0.03201217483729124,0.5686154425144195,0.35441395342350007,-0.02936569843441248,0.46939865946769715,0.34732255041599275,-0.08664235547184944,0.39382622241973875,0.3777593344449997,-0.12172802835702896,0.6658393621444703,0.4857490241527557,-0.007090849429368972,0.5883343935012817,0.2833889931440353,-0.07513946890830994,0.4830955654382706,0.30522566139698026,-0.12481512948870659,0.4216962933540344,0.3793728888034821,-0.1488047018647194,0.6971703827381134,0.5122183680534362,-0.05377326346933842,0.6433989703655243,0.32964773178100587,-0.09945600628852844,0.5285406053066254,0.3296546459197998,-0.12472218349575996,0.45523843467235564,0.3810669302940369,-0.1330478347837925,0.7133507847785949,0.5664429068565369,-0.10316087305545807,0.6602832913398743,0.4245893120765686,-0.12619603946805,0.572114247083664,0.3987090677022934,-0.13541074097156525,0.5043296873569488,0.4184111297130585,-0.13905400186777114,c
0.8116757869720459,0.7310691773891449,-2.939051370276502e-07,0.7275938749313354,0.6761481523513794,-0.004074146336643025,0.6577834069728852,0.6045134782791137,-0.01865003565326333,0.5975448012351989,0.5677217066287994,-0.04198464974761009,0.5506850421428681,0.527103316783905,-0.06375098377466201,0.7220381379127503,0.45574312210083007,0.022167672123759984,0.7009757459163666,0.3566784471273422,-0.016525373235344885,0.6530883371829986,0.33854931890964507,-0.05316029824316502,0.6094405889511109,0.3493424832820892,-0.07484124228358269,0.7508398294448853,0.45158239305019376,-0.0003173348377458751,0.7299880743026733,0.3254273921251297,-0.04137493818998337,0.6707953631877899,0.3165961682796478,-0.07218605130910874,0.6222046494483948,0.34865629076957705,-0.08706073090434074,0.7806751132011414,0.4616136610507965,-0.029407201148569585,0.7619391143321991,0.33359662890434266,-0.06029955483973026,0.6992225408554077,0.3198547184467316,-0.0761954590678215,0.6506574630737305,0.34390931725502016,-0.08055156469345093,0.8076423943042755,0.4862362563610077,-0.06078360714018345,0.7769386649131775,0.38574548363685607,-0.07995120361447335,0.7266716361045837,0.3534699857234955,-0.08810855895280838,0.6837010622024536,0.3501545637845993,-0.09049359485507011,c
0.7314603984355926,0.6352922976016998,-3.200921469215245e-07,0.658338063955307,0.5936215937137603,0.0037748520146124063,0.5994552075862885,0.5353806674480438,-0.002062331046909094,0.5527297675609588,0.5055397570133209,-0.016630407329648732,0.5189932942390442,0.4677715688943863,-0.02950532715767622,0.6602660357952118,0.4030963540077209,0.031647027283906934,0.6354109883308411,0.3250010162591934,0.007000326365232468,0.593976104259491,0.31073797345161436,-0.018473333120346068,0.557621318101883,0.317436146736145,-0.03403423596173525,0.6812321901321411,0.3991833716630936,0.010841525811702012,0.6554641664028168,0.29715494215488436,-0.01603198777884245,0.6037195205688477,0.2913263142108917,-0.03831744622439146,0.5639886975288391,0.31918372213840485,-0.0491823386400938,0.7003575563430786,0.40439355969429014,-0.015231657400727272,0.6763017892837524,0.30198248028755187,-0.03544149063527584,0.6206873714923858,0.29115331172943115,-0.04699050970375538,0.5796765387058258,0.3105799049139023,-0.050384361669421195,0.7143706023693085,0.41997130811214445,-0.04297128841280937,0.6853569030761719,0.3360965132713318,-0.055675375089049337,0.6420060813426971,0.30981025099754333,-0.061261267960071565,0.6064973890781402,0.3092277616262436,-0.0627902690321207,c
0.7881334781646728,0.7242078244686126,-5.49484076373119e-07,0.6956840097904206,0.6452115595340728,0.02117392448708415,0.6379621267318726,0.5700448513031006,0.015746841905638576,0.5839292645454407,0.529848861694336,-0.0015108229854376987,0.5408572733402253,0.49386387765407563,-0.017852067272178827,0.7577537357807159,0.42986059188842773,0.037280363589525224,0.7035123527050018,0.33576530814170835,0.012006983160972595,0.6352117419242859,0.320236736536026,-0.014030415681190789,0.5790350914001465,0.3304091602563858,-0.029323157947510482,0.7721834361553193,0.4301525056362152,0.00815681298263371,0.6948012471199035,0.3049988478422165,-0.014782558963634073,0.6212066352367401,0.296819669008255,-0.036023504100739956,0.5718547999858856,0.3227250397205353,-0.04907975383102894,0.7698686599731446,0.4486199826002121,-0.02401598170399666,0.6990662157535553,0.32639649212360383,-0.04122120179235935,0.6249283134937287,0.3049930900335312,-0.05184523351490498,0.5713032126426697,0.3175951600074768,-0.05731769315898418,0.7454314947128295,0.4765305399894714,-0.05556557215750217,0.6870441555976867,0.3721974968910217,-0.06440988257527351,0.6332016229629517,0.34156656861305235,-0.06599374115467072,0.5893719017505645,0.3367795169353485,-0.06649089604616165,c
0.7460784494876862,0.7281643211841583,-4.494640393204463e-07,0.6617481231689453,0.6629170954227448,0.005716418707743287,0.5954018771648407,0.5849387586116791,-0.0017817423547967337,0.539300924539566,0.5437894642353058,-0.020474999397993087,0.4937202513217926,0.5066362261772156,-0.037815528362989424,0.672183883190155,0.4439933061599731,0.038969714939594266,0.637860107421875,0.35987729132175444,0.007890284631866962,0.584282785654068,0.34386413395404813,-0.02489725351333618,0.5381424307823182,0.3517087399959564,-0.04554182589054108,0.6971246302127838,0.43884486258029937,0.012574822083115578,0.6615383863449097,0.32050251960754395,-0.020905209146440028,0.5955737352371215,0.3119124203920364,-0.049942193925380705,0.5446097075939178,0.3413118749856949,-0.06564215607941151,0.7193910777568817,0.44754638671875,-0.02009390704333782,0.689168107509613,0.32532848715782164,-0.04651491306722164,0.6196021795272827,0.31081950664520264,-0.06267970241606236,0.5684859931468964,0.3334091454744339,-0.06876333951950073,0.7326860189437866,0.46985283195972444,-0.05454235970973968,0.6993501305580139,0.36504889726638795,-0.07045972794294357,0.6460724234580993,0.33348771929740906,-0.07760038524866104,0.6007134139537811,0.33467202484607694,-0.08050140291452408,c
0.7829451858997345,0.73335080742836,-2.7042449062264496e-07,0.6984617590904236,0.6875213205814361,-0.004994082497432828,0.6248472273349762,0.6152800858020783,-0.010852621938101947,0.5700029909610749,0.5707725346088409,-0.02358492985367775,0.5297764718532563,0.524305808544159,-0.03444375209510327,0.695388811826706,0.47070408761501314,0.03386121597141027,0.6675963580608368,0.3943038314580917,0.010514471679925919,0.63001189827919,0.37141969203948977,-0.01768931783735752,0.5901900351047515,0.36906937658786776,-0.03621816765516996,0.7256621420383453,0.46184931993484496,0.01814578752964735,0.6969389319419861,0.36621078848838806,-0.005325882183387876,0.6532184302806854,0.3463642030954361,-0.03036165051162243,0.6123821139335632,0.3569554626941681,-0.04534437172114849,0.7566614925861359,0.4655279338359833,-0.004037969978526235,0.7312899887561798,0.36175363063812255,-0.02421170808374882,0.684017127752304,0.3383426696062088,-0.03796931840479374,0.643792188167572,0.3478972941637039,-0.04365108385682106,0.7863919019699097,0.48303944766521456,-0.028728898055851458,0.7623371243476867,0.3889954388141632,-0.043849426135420796,0.7205742478370667,0.3507197469472885,-0.05146968364715576,0.6816379964351654,0.3418346107006073,-0.05450279489159584,c
0.8162391722202301,0.9158668875694275,-1.0294929666088138e-06,0.692754065990448,0.7959833383560181,0.025884584710001945,0.6007737576961517,0.6765162825584412,0.018779983278363943,0.5269904553890228,0.6123042821884155,-0.007157262699911371,0.4772289901971817,0.5552953004837036,-0.03479054868221283,0.7343347430229187,0.5086631536483764,0.061727597191929814,0.629949289560318,0.4297149658203125,0.014156312914565206,0.5418181896209717,0.4324028640985489,-0.04078029319643974,0.4666074275970459,0.46397673785686494,-0.07423783876001835,0.767518937587738,0.49925567805767057,0.017956365272402762,0.6520857632160186,0.3504084199666977,-0.031426692754030226,0.5501411139965058,0.36058576703071593,-0.08429912477731705,0.47340630888938906,0.4187516778707504,-0.11593636423349381,0.7970322906970978,0.5112133741378784,-0.03069221694022417,0.7198259592056274,0.34102554321289064,-0.06716216392815114,0.6147198915481568,0.32516462802886964,-0.0974876657128334,0.5364915668964386,0.3657603025436401,-0.11168938800692559,0.8093718230724335,0.5439679324626923,-0.07883081063628197,0.7528491497039795,0.3934683859348297,-0.09755852818489075,0.675337141752243,0.3423169583082199,-0.1054657407104969,0.6042019784450531,0.3392161339521408,-0.1084667094051838,c
0.7812820315361023,0.756395572423935,-2.9500145046768014e-07,0.6859100639820099,0.6882435739040375,0.005363188381306827,0.6139275908470154,0.6088303983211517,0.00036415226981603157,0.555202454328537,0.5688438832759857,-0.015502384770661593,0.5082620024681092,0.5307095289230347,-0.031025474518537523,0.6943462371826172,0.4675431102514267,0.04627463147044182,0.6623310089111328,0.3850418359041214,0.01955615570768714,0.6174319982528687,0.3568867057561874,-0.013311819499358534,0.5694522976875305,0.3500517189502716,-0.03547374736517668,0.7226277530193329,0.4613436758518219,0.0217900063842535,0.6881364822387696,0.3541987270116806,-0.006625763734336943,0.634136950969696,0.3295019656419754,-0.037346160784363744,0.5832271456718445,0.33548906445503235,-0.05606863684952259,0.7519737839698791,0.4698910564184189,-0.009011134691536426,0.7231181561946869,0.35452595353126526,-0.031994410417974,0.6662029981613159,0.32375146746635436,-0.04861012473702431,0.6169357061386108,0.3279668211936951,-0.05599470846354961,0.7769489526748657,0.49280397593975067,-0.04174954704940319,0.7493286550045013,0.3897064685821533,-0.05660305842757225,0.7033232629299164,0.3469232380390167,-0.06332827955484391,0.6600966393947602,0.33456626534461975,-0.06612805984914302,c
0.8015728771686554,0.7014649450778961,-2.4563430152113596e-07,0.7110434412956238,0.6518478572368622,0.00035537626245059074,0.6377072513103486,0.5833534896373749,-0.009873143723234534,0.5795493483543396,0.5509420931339264,-0.030251805298030378,0.5427437245845794,0.503966748714447,-0.04884283356368542,0.7045194447040558,0.4183349609375,0.0318009352311492,0.6815178513526916,0.3188057690858841,-0.0020308764069341123,0.6327277481555938,0.29462614059448244,-0.03608876224607229,0.5883468389511108,0.3005415141582489,-0.05699764974415302,0.732941496372223,0.41137219965457916,0.007020514830946923,0.7085534632205963,0.28440296053886416,-0.02854003682732582,0.6461462795734405,0.2684409588575363,-0.05754326321184635,0.5969534158706665,0.2993761211633682,-0.07248343229293823,0.7600252568721771,0.41844829320907595,-0.024554585106670856,0.7358648359775544,0.29040443897247314,-0.05177142880856991,0.6686859726905823,0.2703560680150986,-0.06750996708869934,0.6184352338314056,0.2935959368944168,-0.07276275008916855,0.7812266945838928,0.4407731741666794,-0.05852670855820179,0.7486392080783844,0.33657280504703524,-0.07696899995207787,0.6951408207416534,0.2978960543870926,-0.08597840815782547,0.6498168349266052,0.2940703719854355,-0.0891883559525013,c
0.8215873837471008,0.696562510728836,-2.6318351729059943e-07,0.7300911366939544,0.6494007110595703,-0.0017501784634077922,0.6559446930885315,0.5841025471687317,-0.009234640281647444,0.5961816728115081,0.5483506858348847,-0.02588987834751606,0.5552750766277313,0.4937586814165115,-0.04102388806641102,0.7123420536518097,0.43503907322883606,0.039409230649471286,0.6757172644138336,0.34831281304359435,0.010153017588891089,0.6322021067142487,0.32687790393829347,-0.02294330848380923,0.5882901906967163,0.3280539482831955,-0.04385267570614815,0.7410067558288574,0.4223556250333786,0.0196005754172802,0.7022055864334107,0.31381617188453675,-0.010811288747936488,0.6507156670093537,0.29536746740341185,-0.041857562214136126,0.6032445371150971,0.31295848786830904,-0.05959142781794071,0.7724457085132599,0.4208629339933395,-0.006943937065079809,0.7373944878578186,0.30667049884796144,-0.03033927418291569,0.6802808940410614,0.2837284177541733,-0.047248297929763795,0.6308913230895996,0.2970544308423996,-0.054189636185765264,0.8039957463741303,0.43311797082424164,-0.03593341708183288,0.768131572008133,0.3355498850345612,-0.05241781175136566,0.7175537467002868,0.29621668457984923,-0.0615348320454359,0.6712758898735046,0.2878944158554077,-0.0651629887521267,c
