0,1,2,3,4,5,6,7,8,9,10,11,12,13,14,15,16,17,18,19,20,21,22,23,24,25,26,27,28,29,30,31,32,33,34,35,36,37,38,39,40,41,42,43,44,45,46,47,48,49,50,51,52,53,54,55,56,57,58,59,60,61,62,label
0.5069175243377686,0.615029901266098,-1.2290876384213333e-06,0.438882514834404,0.6170092105865479,-0.04968082495033741,0.3672178328037262,0.5986952304840087,-0.08736984059214592,0.33854310810565946,0.5974326968193054,-0.1181921936571598,0.3486974000930786,0.591216778755188,-0.14400145560503005,0.4028614491224289,0.4488783597946167,-0.10233764499425888,0.4106813699007034,0.5965929567813874,-0.14374413043260575,0.4213571310043335,0.7089073717594147,-0.1598209798336029,0.4313205122947693,0.7927396118640899,-0.16585303843021393,0.47487132251262665,0.42630200684070585,-0.09706357419490814,0.4687923461198807,0.6345945060253143,-0.14701606184244156,0.4737162619829178,0.7595689237117768,-0.15850624293088914,0.48103523552417754,0.8484546542167664,-0.1607509061694145,0.5415312230587006,0.439387583732605,-0.09197539836168289,0.5170830011367797,0.6341126799583435,-0.13530651479959488,0.497251957654953,0.729232656955719,-0.13209057301282884,0.48209027051925657,0.7938762605190277,-0.12372891008853912,0.5978646695613861,0.4748389691114426,-0.09043760672211647,0.5755249500274658,0.5981754004955292,-0.12011478841304779,0.5542298555374146,0.6457079112529754,-0.1181234173476696,0.5344401061534881,0.6688104689121246,-0.11187773719429969,n
0.47773268520832063,0.6551289319992065,-1.3203025673647061e-06,0.4124492734670639,0.6620503485202789,-0.049383387342095374,0.34203640520572665,0.6542576730251313,-0.08362210839986801,0.2973364621400833,0.652066457271576,-0.11049507036805153,0.25743892788887024,0.6279338777065278,-0.13289682790637017,0.3498626798391342,0.47818827629089355,-0.09456139653921128,0.3419501453638077,0.6368201315402985,-0.14169750064611436,0.3458847314119339,0.7590102970600128,-0.1648993507027626,0.35197456181049347,0.8382519304752349,-0.17580584883689881,0.42031905651092527,0.45784240663051606,-0.09222878068685532,0.39979466497898103,0.6767541289329528,-0.14502670615911484,0.391682767868042,0.7992580235004425,-0.15850322991609572,0.39103700816631315,0.8690114915370941,-0.16099514961242675,0.4885333597660065,0.477700012922287,-0.09193229004740715,0.46098103523254397,0.6750447392463684,-0.13307827115058898,0.44281198978424074,0.7297035336494446,-0.12543472424149513,0.42954587936401367,0.7364857912063598,-0.1156990148127079,0.5443001627922058,0.5175515949726105,-0.09581716731190681,0.5220310628414154,0.6581830441951751,-0.12535958886146545,0.513705849647522,0.6881137907505035,-0.1199358083307743,0.5077323079109192,0.6728472530841827,-0.11082556024193764,n
0.4927321523427963,0.5153912335634232,-1.2148535802225524e-06,0.4244433373212814,0.5355897963047027,-0.04948592483997345,0.36669802069664004,0.5700967311859131,-0.09487093463540078,0.32664947807788847,0.61220383644104,-0.13211835771799088,0.29794077575206757,0.6297491371631623,-0.16775114834308624,0.36849911212921144,0.42775714993476865,-0.12163538783788681,0.3833357781171799,0.6107095777988434,-0.17837578654289246,0.39699932634830476,0.7277945518493653,-0.20972789376974105,0.40831875801086426,0.8142425119876862,-0.22440769523382187,0.44323086738586426,0.41023255288600924,-0.12135268449783325,0.44729223549366,0.6518375515937805,-0.17595365792512893,0.4463900327682495,0.7730221211910248,-0.1872921645641327,0.4465314596891403,0.8574307084083557,-0.18971602618694305,0.5161121249198913,0.4254152745008469,-0.12126371264457703,0.5001917034387589,0.6399261236190796,-0.15830807536840438,0.47412712275981905,0.6942286908626556,-0.14212337583303453,0.4502346694469452,0.7137993216514588,-0.12780234441161156,0.5747935116291046,0.45831161737442017,-0.1257480725646019,0.5536941170692444,0.6118657648563385,-0.15107634514570237,0.5322553217411041,0.6401543557643891,-0.13724011778831482,0.5112823188304901,0.6337282538414002,-0.12263771370053292,n
0.444495302438736,0.5238236308097839,-1.1328105983920978e-06,0.38117172122001647,0.5352535367012023,-0.05297586098313332,0.3184523552656174,0.5480115592479706,-0.09769331887364388,0.2791619747877121,0.5736046195030212,-0.134587562084198,0.247640560567379,0.5833181142807007,-0.16879162192344666,0.3035993605852127,0.38028870820999144,-0.11692155450582505,0.30516774356365206,0.5482779979705811,-0.1747015029191971,0.3202871859073639,0.6730206787586213,-0.2055571511387825,0.32783095836639403,0.7589778900146484,-0.22016998678445815,0.3772895187139511,0.36244554817676544,-0.11655530035495758,0.3758178800344467,0.583873325586319,-0.1789737120270729,0.3747685790061951,0.7079938650131226,-0.19176216274499894,0.37213623225688935,0.7841731488704682,-0.191721011698246,0.4510081261396408,0.38416755497455596,-0.11787729039788246,0.437380051612854,0.5787381529808044,-0.16200554072856904,0.41574968993663786,0.6146966636180877,-0.14802037924528122,0.39362563490867614,0.6094730436801911,-0.13277493342757224,0.5096444845199585,0.42680234313011167,-0.12367871627211571,0.4967511683702469,0.5604516804218292,-0.15244075357913972,0.4809739738702774,0.5735321044921875,-0.140028215944767,0.46447971761226653,0.5448912918567658,-0.125171972066164,n
0.5092431873083114,0.43829306662082673,-7.649526196473744e-07,0.44819276034832,0.4761014521121979,-0.04909329786896706,0.41798857152462005,0.5302474141120911,-0.09806203246116638,0.4283330261707306,0.6079316198825836,-0.13895928859710693,0.44808405339717866,0.6703734278678894,-0.18296222239732743,0.4129484623670578,0.4216242492198944,-0.13975584283471107,0.4349881589412689,0.605785459280014,-0.18988101929426193,0.4572740882635117,0.7146780014038085,-0.2132800593972206,0.4711638778448105,0.7898274838924408,-0.22300014197826384,0.4839801460504532,0.40076582729816435,-0.13920036405324937,0.5019940048456192,0.625929057598114,-0.1898465260863304,0.5086904287338256,0.7339534044265748,-0.19723342061042787,0.511841794848442,0.8040341198444366,-0.19598215371370314,0.5542596280574799,0.40943740010261537,-0.13617316856980324,0.5573365449905395,0.6102287232875824,-0.17117744088172912,0.5388895869255066,0.6394196629524231,-0.1548403412103653,0.5204357504844666,0.6351677477359772,-0.1376268446445465,0.6062952756881714,0.4371520698070526,-0.13657093420624733,0.602868127822876,0.58138587474823,-0.15727478116750718,0.5825676023960114,0.5907510280609131,-0.1383964590728283,0.5604376494884491,0.5662510395050049,-0.1190088376402855,n
0.5053846418857575,0.5017726331949234,-8.795211670076242e-07,0.4568245053291321,0.5211388230323791,-0.05684622451663017,0.41067010164260864,0.5519282519817352,-0.10720213726162911,0.39145599901676176,0.6054551362991333,-0.14850986152887344,0.3779548108577728,0.6353730738162995,-0.18693122416734695,0.4062710881233215,0.38060311079025266,-0.12871541529893876,0.3982291013002396,0.5295043885707855,-0.18581636995077133,0.40454304218292236,0.6501153945922852,-0.21425302028656007,0.40874287486076355,0.7306689500808716,-0.22683751583099365,0.4753728091716766,0.3723323971033096,-0.12445787191390992,0.45055529177188874,0.5728765606880188,-0.1835952416062355,0.44115933775901794,0.6840522885322571,-0.19216398298740386,0.4367303401231766,0.7493887543678284,-0.18886298686265945,0.5392233729362488,0.40323875844478607,-0.12121526673436164,0.5055428981781006,0.5773753881454468,-0.16082963198423386,0.480096760392189,0.605646413564682,-0.14168713092803956,0.4618484199047089,0.5960544407367706,-0.12197830080986023,0.5877277791500092,0.451529398560524,-0.12322627529501914,0.5573402106761932,0.5742000460624694,-0.1495631828904152,0.5313742458820343,0.5893457889556885,-0.13455410152673722,0.5122690320014953,0.5671829342842102,-0.11647826284170151,n
0.47729850113391875,0.41237245202064515,-8.522193468252226e-07,0.41436420381069183,0.4493363261222839,-0.046684630960226056,0.37386474907398226,0.4896788656711578,-0.08726857975125313,0.3650445520877838,0.5494523644447327,-0.11984842494130135,0.3649132072925568,0.5935339748859405,-0.154479219019413,0.36281790137290953,0.38406685590744016,-0.1220084048807621,0.39006836116313937,0.5629316389560699,-0.16688694506883622,0.41693724393844606,0.6661870956420899,-0.18726801574230195,0.435056734085083,0.7363428711891175,-0.19511304497718812,0.42907548546791074,0.3610973089933395,-0.12087218984961509,0.4503918945789337,0.580600792169571,-0.16566320806741713,0.4613374888896942,0.6835186958312989,-0.17163796871900558,0.46823522448539734,0.7541953325271606,-0.16950386613607407,0.4970291554927826,0.3672206372022629,-0.1185434527695179,0.505916279554367,0.5570544958114624,-0.15140387862920762,0.4891385525465012,0.5728196024894714,-0.1370820462703705,0.47173447608947755,0.5647040784358979,-0.12132977992296219,0.5497905313968658,0.39271341264247894,-0.11933183670043945,0.5495410144329071,0.5256673574447632,-0.14090976268053054,0.5292378187179565,0.532921028137207,-0.12453303709626198,0.5064359426498413,0.5151946276426316,-0.10657439306378365,n
0.5007499754428864,0.32621431052684785,8.70943955533221e-07,0.4230452626943588,0.38547927141189575,-0.029291272908449174,0.3794527679681778,0.5031376987695694,-0.05877397321164608,0.36858766078948973,0.602189040184021,-0.07978750467300415,0.38828512728214265,0.6655072689056396,-0.10055256783962249,0.40851966142654417,0.4963408648967743,-0.1321626730263233,0.41310702860355375,0.6964513719081878,-0.17379286587238313,0.42143439650535586,0.7992371201515198,-0.18588550239801407,0.4330113649368286,0.8856592655181885,-0.18860796540975572,0.4852055937051773,0.48918434977531433,-0.1338639125227928,0.4835381150245667,0.7162662506103515,-0.17622794806957245,0.4838759958744049,0.8413777232170105,-0.18108974546194076,0.49223711490631106,0.9400649011135102,-0.18187317550182341,0.550382649898529,0.4871925741434097,-0.12941893339157104,0.5284837365150452,0.6821048080921173,-0.16593982577323912,0.5042630642652511,0.6422407507896424,-0.1456736370921135,0.4971074193716049,0.5881116807460784,-0.12259220182895661,0.5988874912261963,0.4873779624700546,-0.12594838067889214,0.5624477624893188,0.6326048016548157,-0.14462665170431138,0.5419638395309448,0.5996673822402954,-0.12309589087963105,0.5379199743270874,0.5517639577388763,-0.1023070439696312,n
0.5193414032459259,0.5155940294265747,-9.799333668070177e-07,0.46794804036617277,0.5372579455375671,-0.05124066211283207,0.4119484543800354,0.5455919563770294,-0.0912894643843174,0.38564738631248474,0.5421176016330719,-0.1244967982172966,0.38519265651702883,0.509581696987152,-0.1527857780456543,0.4144003868103027,0.36296090483665466,-0.08805217295885086,0.4306575536727905,0.47475900650024416,-0.13634135574102402,0.4483869165182114,0.5709822654724122,-0.16605594307184218,0.4600793331861496,0.6424411058425903,-0.18091686964035034,0.4761459857225418,0.33903116583824155,-0.08280496448278427,0.4813238739967346,0.4862107574939728,-0.13316672742366792,0.49202685952186587,0.5990250170230865,-0.14965925812721254,0.5017918795347214,0.6767736613750458,-0.15470843613147736,0.5334336042404175,0.34723455309867857,-0.08015547841787338,0.5298848211765289,0.4848955363035202,-0.12351099103689193,0.5173352539539338,0.5695167422294617,-0.12159300670027733,0.5056676924228668,0.6241468191146851,-0.11318975985050202,0.5815296828746795,0.3781605064868927,-0.08144099935889244,0.5799874842166901,0.4619781732559204,-0.10972169786691666,0.5662704050540924,0.5003544241189957,-0.10629360973834992,0.5507304489612579,0.5168390333652496,-0.09838162064552307,n
0.4922019749879837,0.31824180781841277,9.559503610034882e-07,0.41317700147628783,0.38229949176311495,-0.041675837710499763,0.3672237694263458,0.5084122717380524,-0.07417983636260032,0.3570029139518738,0.6193753004074096,-0.09337877407670021,0.38718678057193756,0.6861812353134156,-0.11092063412070274,0.4128702193498611,0.49090144634246824,-0.1469782054424286,0.42465552091598513,0.6919582486152649,-0.1826465219259262,0.4313450425863266,0.7845284521579743,-0.1876550182700157,0.4410576581954956,0.8594538152217865,-0.18562690317630767,0.492366561293602,0.4816825479269028,-0.1378186210989952,0.4976379632949829,0.6983026683330535,-0.17299227714538573,0.4905726253986359,0.8030863344669342,-0.16878345906734465,0.49075832962989807,0.8765807747840881,-0.1640662357211113,0.5559592604637146,0.4767002373933792,-0.1233094297349453,0.5311780095100402,0.6652236163616181,-0.15153614580631256,0.49682745337486267,0.6339600861072541,-0.13068761229515075,0.48333840668201444,0.5832132697105408,-0.11024351045489311,0.5990978240966797,0.47761059999465943,-0.1109703429043293,0.5571589589118957,0.6180788040161133,-0.127622327208519,0.5280982077121734,0.599093621969223,-0.11261356398463249,0.5183110892772674,0.5633046507835389,-0.09814338013529778,n
0.5649151086807251,0.42028462290763857,3.657678337987136e-09,0.47503805756568906,0.4620371311903,-0.02903963215649128,0.41827493607997895,0.5354803621768951,-0.08096937537193298,0.4057027906179428,0.629865300655365,-0.12582337856292725,0.4078546553850174,0.6882193148136139,-0.17729339748620987,0.42755393087863924,0.47360168397426605,-0.16730839014053345,0.4206922709941864,0.6653740167617798,-0.2173887759447098,0.429235902428627,0.7785370111465454,-0.2392232432961464,0.44228910505771635,0.8600219666957856,-0.25422296226024627,0.4968278378248215,0.4545395165681839,-0.17754004448652266,0.48799231052398684,0.6784488260746002,-0.23371252417564392,0.48411098718643186,0.8078840970993042,-0.2484963655471802,0.4879482835531235,0.9014281094074249,-0.2653521358966827,0.5701393902301788,0.4603342652320862,-0.17889189422130586,0.5564245402812957,0.6592050611972808,-0.2159994438290596,0.552346819639206,0.6350009858608245,-0.19199256747961044,0.5554116427898407,0.5856987476348877,-0.17838887572288514,0.6262955904006958,0.48231740295886993,-0.18046530038118364,0.6027860581874848,0.6364923655986786,-0.20990699529647827,0.5913058876991272,0.6125217735767364,-0.1909048229455948,0.5867419600486755,0.5610680937767029,-0.17778933495283128,n
0.5349120020866394,0.3269144892692566,1.408774255651224e-06,0.4592891693115234,0.4011476755142212,-0.05773903653025627,0.42387532293796537,0.5339501202106476,-0.10166648402810097,0.4271246373653412,0.6437803685665131,-0.12567296698689462,0.46510338187217715,0.683610612154007,-0.14554553776979445,0.4935696929693222,0.4648076981306076,-0.19760922491550445,0.5336255431175232,0.6790446400642395,-0.2458196058869362,0.5489515483379364,0.7862190961837768,-0.25424192249774935,0.5665904998779296,0.8690982341766358,-0.252589239180088,0.5756713807582855,0.44310555756092074,-0.1769334003329277,0.6021593809127808,0.6787053227424622,-0.22313670367002486,0.6024932861328125,0.8116592347621918,-0.21825859397649766,0.6056259334087372,0.9035423219203949,-0.2115417391061783,0.6374152898788452,0.4431052476167679,-0.148566435277462,0.6205795288085938,0.6559442162513733,-0.1741997554898262,0.5803061783313751,0.6593074202537537,-0.14637246280908583,0.5565933227539063,0.624159860610962,-0.12212931141257286,0.6762423098087311,0.4585918992757797,-0.12403521090745925,0.641021066904068,0.6197652220726013,-0.1342141658067703,0.6035767495632172,0.6361188530921936,-0.11566732749342919,0.5829392015933991,0.6221022248268128,-0.09917097091674805,n
0.5496799767017364,0.36838941276073456,3.5899740566947005e-07,0.4616216331720352,0.43302498757839203,-0.04201537817716598,0.40185442566871643,0.5402347683906555,-0.09475184306502342,0.3906589448451996,0.6477374017238617,-0.13765388503670692,0.38058158159255984,0.6662654459476471,-0.18455480188131332,0.4261992424726486,0.45526344776153566,-0.18010219037532807,0.4403658092021942,0.6763753414154052,-0.23396411836147307,0.4563452869653702,0.7882740199565887,-0.25720475763082506,0.47185603380203245,0.8683047652244568,-0.27207479178905486,0.507182902097702,0.4305947422981262,-0.18280642181634904,0.5139959216117859,0.6769670188426972,-0.2440401330590248,0.5105618715286255,0.8116532921791076,-0.2613879069685936,0.5149685919284821,0.9075706422328949,-0.27788570821285247,0.5804498970508576,0.4331231892108917,-0.1771867737174034,0.5741064727306366,0.6702825546264648,-0.22059921324253082,0.5607963442802429,0.6432630062103272,-0.19482758343219758,0.5580491960048676,0.5903197228908539,-0.1744680166244507,0.6351954936981201,0.4608305037021637,-0.1735174149274826,0.610642921924591,0.6349171698093414,-0.20269591510295867,0.5884176552295685,0.6133147120475769,-0.18301497995853425,0.5804103910923004,0.562819367647171,-0.1672063186764717,n
0.5585989117622375,0.3826765179634094,3.825172399274379e-07,0.4683410495519638,0.43788271844387056,-0.04230013564229011,0.40516051948070525,0.5360207796096802,-0.09543347060680389,0.395513579249382,0.6400223731994629,-0.1380808800458908,0.39497366845607756,0.6690207660198212,-0.1851420059800148,0.4384357094764709,0.45855213701725006,-0.18581639230251312,0.45080074965953826,0.6839036464691162,-0.2398454189300537,0.4669101029634476,0.7968442380428314,-0.2627146989107132,0.4828058063983917,0.8755938708782196,-0.27662214636802673,0.519923746585846,0.4349587827920914,-0.18717678487300873,0.5274931490421295,0.6859578847885132,-0.2474455252289772,0.5233428359031678,0.8219336271286011,-0.2630572825670242,0.5271428465843201,0.9182214260101318,-0.2782741576433182,0.5923261165618896,0.43942623138427733,-0.17971277683973313,0.5831098556518555,0.6771468579769134,-0.22205351144075394,0.5675766587257385,0.6509077429771424,-0.19577686339616776,0.5644623517990113,0.5983731329441071,-0.17521844655275345,0.6464755654335022,0.47077521681785583,-0.17397362291812896,0.6195441424846649,0.6431750595569611,-0.20171240270137786,0.5967090487480163,0.6215889811515808,-0.1805103287100792,0.5883626997470855,0.571605920791626,-0.1637752413749695,n
0.550269603729248,0.3476778417825699,6.621584077493026e-07,0.46482083201408386,0.41180036067962644,-0.03820066340267658,0.40638447999954225,0.5374327957630157,-0.08267479538917541,0.3916761875152588,0.6496850490570069,-0.1160938061773777,0.38542899787425994,0.6826471745967865,-0.15106837451457977,0.4373394101858139,0.46529154777526854,-0.1740601032972336,0.4556828588247299,0.688006442785263,-0.22653289884328842,0.46879403591156005,0.8015008389949798,-0.24468374699354173,0.48274742662906645,0.8884738445281982,-0.25415069311857225,0.5211346626281739,0.44342484772205354,-0.17595870196819305,0.5292743623256684,0.6917412877082825,-0.2317035138607025,0.5304265141487121,0.8265613913536072,-0.24232511967420578,0.5366294801235199,0.9210665047168731,-0.2517138972878456,0.5925842344760894,0.44114291071891787,-0.1700100153684616,0.5882926523685456,0.6812738716602326,-0.20877143740653992,0.5634243547916412,0.6472343504428864,-0.17973052114248275,0.5515739798545838,0.5871009826660156,-0.15508473813533782,0.646397715806961,0.45617999136447906,-0.1661288008093834,0.6277775347232819,0.6369844377040863,-0.18965519219636917,0.6009614586830139,0.6117109715938568,-0.16773238480091096,0.5887859523296356,0.5608714580535888,-0.14920337349176407,n
0.5324662566184998,0.3602448970079422,1.0808205729517796e-06,0.4458518445491791,0.43643057644367217,-0.0433431975543499,0.39708931744098663,0.5761134564876557,-0.07805643677711487,0.38880897760391236,0.6972431421279908,-0.0979713074862957,0.42509212493896487,0.7580074429512024,-0.11668390706181526,0.4552529752254486,0.5559430241584777,-0.15813658833503724,0.47382899820804597,0.7747472822666168,-0.19405351728200912,0.4803392946720123,0.8741042912006378,-0.1967429056763649,0.49078723788261414,0.9526417970657348,-0.19263183921575547,0.5413457989692688,0.541422712802887,-0.1484181359410286,0.5507549226284028,0.7836814641952514,-0.18142128884792327,0.5385786235332489,0.8930784404277802,-0.1722637414932251,0.5358299553394318,0.9664626955986023,-0.16436100453138353,0.6117345094680786,0.5323691546916962,-0.13276047110557557,0.5922367930412292,0.7494126975536346,-0.15867143720388413,0.5533896684646606,0.718499505519867,-0.1343786358833313,0.5375867366790772,0.6644350826740265,-0.1124172866344452,0.6588089168071747,0.5320187926292419,-0.11920422986149788,0.6220297753810883,0.6911869764328002,-0.13345987200737,0.5918955504894257,0.6714110434055328,-0.11561101600527764,0.5824323892593384,0.632835054397583,-0.0998546950519085,n
0.5114518076181411,0.24213638305664062,7.472195932223258e-07,0.41277826726436617,0.336549910902977,-0.029684799537062646,0.35604941844940186,0.4942124605178833,-0.07075040563941001,0.33926447927951814,0.6279632925987244,-0.10151310190558434,0.3590107411146164,0.7286104202270508,-0.13383697271347045,0.3706917554140091,0.4598236888647079,-0.17087878435850143,0.3911165058612823,0.7204463243484497,-0.22278682738542557,0.4076294988393784,0.8469722151756287,-0.2398442417383194,0.4238748162984848,0.9478220820426941,-0.24607766419649124,0.466550686955452,0.43432443737983706,-0.17745693027973175,0.47946156859397887,0.7222436904907227,-0.22898027300834656,0.4801449149847031,0.8669533014297486,-0.23185700327157974,0.484857976436615,0.9703283727169036,-0.23419125378131866,0.5555262088775634,0.4236844778060913,-0.17607560902833938,0.5522632002830505,0.7024402260780335,-0.21882983595132827,0.5234932124614715,0.6644778668880462,-0.1895224094390869,0.5118243962526321,0.5931648075580597,-0.1622760623693466,0.6293491125106812,0.4277558773756027,-0.1750856399536133,0.6016440331935883,0.6319950222969055,-0.2049785554409027,0.5691086888313294,0.6067640483379364,-0.18169341683387757,0.5544867038726806,0.5527334928512573,-0.1593507781624794,n
0.5249625265598297,0.6082098722457886,-1.5602305552420148e-06,0.4434221416711807,0.6186977207660675,-0.08364621326327323,0.3659343719482422,0.6207643568515777,-0.15342540442943572,0.31149264574050906,0.6508900463581085,-0.2104601040482521,0.26375011801719667,0.6661821901798248,-0.26372448205947874,0.35335704386234285,0.3318013817071915,-0.17272953540086747,0.3102742612361908,0.5790125846862793,-0.2611729860305786,0.2990815818309784,0.7579975128173828,-0.3120873004198074,0.29638523459434507,0.8783326268196106,-0.337288162112236,0.4517168402671814,0.3117229610681534,-0.16963403820991516,0.39554135501384735,0.6250332176685334,-0.2648511707782745,0.36653057038784026,0.8029102325439453,-0.2871371775865555,0.3520956993103027,0.9191725373268127,-0.2849097788333893,0.550233680009842,0.3598591387271881,-0.16942396610975266,0.49667692482471465,0.6225535869598389,-0.23905674517154693,0.47526648044586184,0.641838651895523,-0.22105555832386017,0.4629300802946091,0.6133316934108735,-0.1955619901418686,0.6274887204170227,0.43892479240894317,-0.1758573368191719,0.5932331323623657,0.6328624963760376,-0.22255131900310515,0.5814325988292695,0.6394696593284607,-0.20555515736341476,0.5767537593841553,0.5852405548095703,-0.1805116653442383,n
0.5218584775924683,0.44129891097545626,-1.2611281817953569e-06,0.44048098623752596,0.5000610589981079,-0.07192394882440567,0.38190039694309236,0.5699313223361969,-0.1370341956615448,0.373822283744812,0.6223375260829925,-0.19127049297094345,0.38020312786102295,0.6206372380256653,-0.24249319583177567,0.41655648648738863,0.38089501559734346,-0.18038433492183686,0.4726746201515198,0.5946818768978119,-0.24330638200044633,0.5138507306575775,0.7204636931419373,-0.2701089382171631,0.5406075447797776,0.8162289261817932,-0.28075279891490934,0.509813928604126,0.3427382677793503,-0.17253044247627258,0.5536536812782288,0.6373068928718567,-0.24195850044488906,0.5853305459022522,0.7957594931125641,-0.25437789857387544,0.6093772649765015,0.9069480299949646,-0.2564375936985016,0.5918168663978577,0.3451873391866684,-0.16211624443531036,0.6122379064559936,0.620638233423233,-0.22489113360643387,0.6212429881095887,0.7613985598087311,-0.2147030398249626,0.6280940353870392,0.862043035030365,-0.19701590538024902,0.6611726820468903,0.37344094812870027,-0.15642420798540116,0.6572890698909759,0.5561683297157287,-0.2026698961853981,0.6422674179077148,0.6469777882099151,-0.1932311087846756,0.6258413076400757,0.7102192163467407,-0.176818323135376,n
0.5737977623939514,0.4898206353187561,-1.7016661445268254e-06,0.4755993694067001,0.5308605462312699,-0.0750497356057167,0.3958638787269592,0.5884995758533478,-0.1435506209731102,0.3564731925725937,0.6424883246421814,-0.20067209303379058,0.3406513184309006,0.6666110098361969,-0.2556406855583191,0.44173139035701753,0.40555367767810824,-0.18490013778209685,0.4717968225479126,0.6640908539295196,-0.26271576136350633,0.4868879109621048,0.8263167321681977,-0.30468991994857786,0.4965931236743927,0.9453736066818237,-0.32404499053955077,0.5466132760047913,0.3792754113674164,-0.17944464683532715,0.5491784453392029,0.693673288822174,-0.2566291406750679,0.5496365368366242,0.8772300362586976,-0.2719868183135986,0.5497602224349976,1.008212721347809,-0.27558664679527284,0.6382226824760437,0.393453985452652,-0.1726960301399231,0.6159923851490021,0.6853109359741211,-0.23135972619056702,0.5781050264835358,0.8019473195075989,-0.21669923812150954,0.5445282816886902,0.8743460536003113,-0.1996091678738594,0.7109805285930634,0.4345468103885651,-0.17209846675395965,0.6860347867012024,0.6263427138328552,-0.2072923943400383,0.6522769868373871,0.685574859380722,-0.19158539474010466,0.618711918592453,0.715049409866333,-0.1749050125479698,n
0.6170106053352356,0.5822624802589417,-1.0161966656596633e-06,0.5550490975379944,0.6367752552032471,-0.09939293414354325,0.49853315353393557,0.703864699602127,-0.18943656831979752,0.49655609726905825,0.7842237532138825,-0.2645491436123848,0.5039145320653915,0.8304950535297394,-0.33562676012516024,0.43364315927028657,0.41735956966876986,-0.21476546078920364,0.43762263357639314,0.5989998877048492,-0.32372438311576845,0.46797307431697843,0.7462710738182068,-0.38360446989536284,0.49152674674987795,0.8591034114360809,-0.4132036715745926,0.5308377563953399,0.3555752754211426,-0.2102345496416092,0.536519992351532,0.6259148418903351,-0.3316855400800705,0.5575121223926545,0.8170096457004548,-0.3583076924085617,0.5779141068458558,0.9439788162708282,-0.3567426294088364,0.6359335124492645,0.36730139553546903,-0.20942742824554444,0.6310971260070801,0.6208645880222321,-0.299242702126503,0.6198644399642944,0.6927934229373932,-0.2805634528398514,0.6083241760730743,0.7099994421005249,-0.2520617634057999,0.7257610261440277,0.4173082083463669,-0.21644541770219802,0.7274504125118255,0.6112221956253052,-0.2742827385663986,0.7056270241737366,0.6603524088859558,-0.2592818185687065,0.6816930413246155,0.6476284801959992,-0.23520725667476655,n
0.6094089329242707,0.1269136518239975,8.551038320092629e-07,0.4921320676803589,0.22757391929626464,-0.048689859360456465,0.42349382638931277,0.4071764022111893,-0.10717912986874581,0.410350301861763,0.5686692595481873,-0.1511182129383087,0.42732890248298644,0.6864581346511841,-0.1968226507306099,0.43472087383270264,0.3371534734964371,-0.22558580040931703,0.45956575572490693,0.6597386658191681,-0.29444349110126494,0.48941082656383517,0.8186970055103302,-0.3191902130842209,0.5182235240936279,0.9407964587211609,-0.3299217700958252,0.5474638938903809,0.30540597438812256,-0.2295488014817238,0.5638522028923034,0.6565009832382203,-0.3011753410100937,0.5748272120952607,0.8434470653533935,-0.31114902198314665,0.5892651915550232,0.9809520602226257,-0.31874732971191405,0.6519469082355499,0.2981704354286194,-0.22412608116865157,0.6449511468410491,0.616214919090271,-0.2819863945245743,0.6156332433223725,0.5717398524284363,-0.24741552025079727,0.6049359261989593,0.4922861933708191,-0.2149738371372223,0.7371364295482635,0.3155342251062393,-0.22027971893548964,0.6984721302986145,0.548913049697876,-0.25856017619371413,0.663641357421875,0.5186407208442688,-0.2296859622001648,0.6482209205627442,0.456047061085701,-0.20312597900629042,n
0.6649678409099579,0.5019566029310226,-1.5203544080577559e-06,0.5854958832263947,0.5266914665699005,-0.07019912078976631,0.5175208210945129,0.5671180248260498,-0.134462471306324,0.4812848687171936,0.6124425053596496,-0.187940576672554,0.44522385895252226,0.6313184559345245,-0.23804871290922164,0.5165946096181869,0.35282358825206755,-0.16559879183769227,0.5489510476589203,0.5827369034290314,-0.24271589815616607,0.5756371915340424,0.7497044920921325,-0.286745211482048,0.5940859258174896,0.8724076151847839,-0.3062663197517395,0.6170814633369446,0.3289926201105118,-0.16194952726364137,0.6177230596542358,0.6304854691028595,-0.2383210226893425,0.620986407995224,0.8040496528148651,-0.2540562406182289,0.6246203720569611,0.9266619205474853,-0.2541499093174934,0.7099326908588409,0.3533031612634659,-0.1587980717420578,0.678922700881958,0.6275312006473541,-0.21457039415836335,0.6418494880199432,0.7134012937545776,-0.19621894955635072,0.6102309465408325,0.7550860166549682,-0.17394953817129136,0.7852207362651825,0.4046847254037857,-0.16152060329914092,0.7476024210453034,0.5844662189483643,-0.19683283120393752,0.7123269021511078,0.6192752003669739,-0.17848522067070008,0.6794544219970703,0.6205982446670533,-0.15603176206350328,n
0.5794968664646148,0.46995714902877805,-1.400322776134999e-06,0.4822241336107254,0.49163954257965087,-0.0795007236301899,0.41079828441143035,0.5295658111572266,-0.1484067991375923,0.3648825317621231,0.5856330096721649,-0.20419233292341232,0.31780185699462893,0.6257512211799622,-0.25997413247823714,0.3683376282453537,0.32607106268405917,-0.1927728086709976,0.38367377519607543,0.5763592600822449,-0.27534971982240675,0.41393556296825407,0.7345290005207061,-0.3163047403097153,0.4344689786434174,0.8488706648349762,-0.3343674063682556,0.47403477132320404,0.2990900546312332,-0.19052629172801971,0.4884656608104706,0.6266544103622437,-0.28289696425199506,0.4936590135097504,0.8039014518260956,-0.30721572041511536,0.4930149495601654,0.9263598084449768,-0.3129674941301346,0.5805509090423584,0.3236622214317322,-0.18773275017738342,0.5667397081851959,0.6172931849956512,-0.25852537602186204,0.5404463112354279,0.6911395490169525,-0.24701197147369386,0.5148195028305054,0.7203315019607544,-0.22858384251594543,0.6628453671932221,0.3793361306190491,-0.18969092816114425,0.6379344046115876,0.5780317425727844,-0.2372251808643341,0.6054668426513672,0.612566202878952,-0.22255102694034576,0.573872309923172,0.602475506067276,-0.2015548676252365,n
0.6297760784626008,0.1568981885910034,6.462848091359774e-07,0.5242613017559051,0.22855876237154008,-0.04159152396023273,0.44926309287548066,0.35880262553691866,-0.0987936221063137,0.41344051957130434,0.4697076290845871,-0.1437706783413887,0.38583153784275054,0.5056036800146103,-0.18838136792182922,0.4632742017507553,0.31310917139053346,-0.2068986639380455,0.4715985953807831,0.5982180595397949,-0.2756002634763718,0.4896361410617828,0.7404722154140473,-0.3055724292993546,0.5077463805675506,0.853289794921875,-0.32299931943416593,0.5659263670444489,0.2977986842393875,-0.21080807447433472,0.5770744383335114,0.6238349497318267,-0.28534466326236724,0.5796076893806458,0.8045390367507934,-0.30420677065849305,0.5850523412227631,0.9419713258743286,-0.3198858439922333,0.6563522160053253,0.30176534950733186,-0.2045511245727539,0.6312435746192933,0.5769322752952576,-0.25782696157693863,0.6037013232707977,0.5231941938400269,-0.2221869185566902,0.5976419389247895,0.4527470290660858,-0.19072527438402176,0.7230074644088745,0.3253189891576767,-0.2001286044716835,0.6714436411857605,0.517074716091156,-0.23316237032413484,0.6409541428089142,0.472983592748642,-0.20377304553985595,0.6317542254924774,0.414988648891449,-0.17797874808311462,n
0.6098278939723969,0.18412052989006042,6.117143186656903e-07,0.5064283639192582,0.2755043476819992,-0.05270754545927048,0.4370572030544281,0.4113415598869324,-0.12161855399608612,0.41647663414478303,0.5153428733348846,-0.17521142214536667,0.39546532928943634,0.49628719985485076,-0.23431717604398727,0.46085146367549895,0.3310064285993576,-0.23493022620677947,0.5009126365184784,0.6025087833404541,-0.2987720876932144,0.5304800748825074,0.735879385471344,-0.32949803173542025,0.566832423210144,0.8279022872447968,-0.3516632437705994,0.5470672965049743,0.2893582463264465,-0.2357627347111702,0.5888996481895447,0.605093652009964,-0.3222876101732254,0.6133282899856567,0.7845974564552307,-0.36187647879123686,0.644357442855835,0.9003258526325226,-0.3940887629985809,0.6343940973281861,0.284771591424942,-0.22277608513832092,0.6391815900802612,0.5907833278179169,-0.28277941048145294,0.6249199330806732,0.6861788392066955,-0.2754878789186478,0.6260878324508667,0.7242873013019562,-0.2706177607178688,0.7055157661437989,0.319536030292511,-0.20923870652914048,0.6766114652156829,0.549429976940155,-0.25094175040721894,0.6391676306724549,0.5688689470291137,-0.23888530135154723,0.6175521492958069,0.5462718933820725,-0.23086304515600203,n
0.6026498794555664,0.2308407112956047,6.107781700848136e-07,0.49284557700157167,0.30990050137043,-0.04743538051843643,0.4132198065519333,0.4299433559179306,-0.11436867490410804,0.38448466360569,0.5415262699127197,-0.1690773218870163,0.347635018825531,0.5406538188457489,-0.2272150084376335,0.44058164656162263,0.34908505380153654,-0.23069212287664415,0.450934162735939,0.6410702526569366,-0.30271044075489045,0.4665000200271606,0.7905605018138886,-0.33482341170310975,0.48362442553043367,0.8975364565849304,-0.3552858054637909,0.547028386592865,0.31731372475624087,-0.23553844392299653,0.5611569881439209,0.6509912073612213,-0.3226330101490021,0.5593646228313446,0.8323711931705475,-0.34756526350975037,0.5643207669258118,0.9632434546947479,-0.36782549917697904,0.6420274555683136,0.3181859105825424,-0.2285285323858261,0.6264611423015595,0.6137239158153533,-0.2883652925491333,0.5981606364250183,0.5925764858722686,-0.2543033793568611,0.5906736850738525,0.5406885117292404,-0.22484294325113297,0.7101232171058655,0.35063569247722626,-0.22308799922466277,0.6631510853767395,0.5684839725494385,-0.2589050143957138,0.6264607965946197,0.5499063372612,-0.2295351967215538,0.613286954164505,0.5030987948179245,-0.20495046228170394,n
0.4799413025379181,0.5961224973201752,-1.1556727372408205e-06,0.41740003526210784,0.5811876475811004,-0.053440547361969945,0.35816909968852995,0.5465711176395416,-0.09459917396306991,0.3233930587768555,0.5133023470640182,-0.1286879859864712,0.3073731750249863,0.47017291486263274,-0.156672702729702,0.38556444048881533,0.33998299539089205,-0.0953043170273304,0.39039174318313596,0.47734166979789733,-0.15384790748357774,0.40116104781627654,0.6017917454242706,-0.18688557147979737,0.40625845491886137,0.6953566074371338,-0.20129646062850953,0.4629424840211868,0.3352950394153595,-0.09257060214877129,0.4486079663038254,0.5002145379781723,-0.15509087592363358,0.44509860277175906,0.635875940322876,-0.1738676831126213,0.44329802691936493,0.7373758375644683,-0.17718100994825364,0.5305251002311706,0.3651964426040649,-0.09288775026798249,0.505244767665863,0.5142949998378754,-0.14805204272270203,0.4837981551885605,0.6159738421440124,-0.14495314061641693,0.46566765308380126,0.686024010181427,-0.13226745426654815,0.5841037392616272,0.41622809171676634,-0.09716489687561988,0.5642403900623322,0.5068807929754258,-0.13248988837003708,0.5366116344928742,0.5653530478477478,-0.1268421284854412,0.5136624276638031,0.5985365211963654,-0.1145188145339489,n
0.5254491686820983,0.5357375323772431,-1.308551043166517e-06,0.44125781655311586,0.5479013860225678,-0.07161602079868316,0.37043173611164093,0.5419619977474213,-0.12961512207984924,0.34881412088871,0.5551154792308808,-0.1746766448020935,0.3349762737751007,0.5501409411430359,-0.21314317137002944,0.44519389867782594,0.370813313126564,-0.155062498152256,0.451010861992836,0.6141787827014923,-0.22012456506490707,0.45169452428817747,0.7670095264911652,-0.25494224578142166,0.4564332336187363,0.874711561203003,-0.27107520401477814,0.5496564149856568,0.366339510679245,-0.14371333718299867,0.5028453946113587,0.6577811896800995,-0.20875611901283264,0.49155985116958617,0.8127556383609772,-0.21422860622406006,0.49065928161144257,0.9221146106719971,-0.2083326682448387,0.6289122641086579,0.40676472187042234,-0.1331830568611622,0.5666964471340179,0.6487847566604614,-0.18003785014152526,0.523336923122406,0.7034124135971069,-0.15417924523353577,0.4922996997833252,0.7254409492015839,-0.1279125414788723,0.6839268982410431,0.46735073029994967,-0.12970651239156722,0.629651153087616,0.6207036435604095,-0.1620166063308716,0.5881000399589539,0.6440739095211029,-0.1464347243309021,0.5546167016029357,0.6372665345668793,-0.126382789760828,n
0.5284126281738282,0.4991694390773773,-1.359760375407859e-06,0.45314168035984037,0.4941851615905762,-0.07137334160506725,0.3826896011829376,0.48243868052959443,-0.12793342471122743,0.33476620316505434,0.4923821657896042,-0.17272960990667344,0.290645158290863,0.49300602078437805,-0.2137131854891777,0.37881446480751035,0.285184383392334,-0.15494475439190863,0.3451132595539093,0.49718645215034485,-0.2310091182589531,0.3441370457410812,0.6426584720611572,-0.2696271762251854,0.348769411444664,0.7423667490482331,-0.28663676232099533,0.4684705436229706,0.27651396095752717,-0.15188598558306693,0.42621772587299345,0.5627528846263885,-0.23200963884592057,0.40512085855007174,0.704490202665329,-0.24633558541536332,0.3902153462171555,0.793894475698471,-0.24250094443559647,0.5586013734340668,0.3203542947769165,-0.15108485668897628,0.5136039406061172,0.5644296765327453,-0.2118452310562134,0.498243972659111,0.5794348359107971,-0.1917490303516388,0.486681854724884,0.5528412163257599,-0.1669778972864151,0.6301850914955139,0.3878307640552521,-0.1558750458061695,0.59434272646904,0.5658675968647003,-0.2002023994922638,0.5790979385375976,0.5673464000225067,-0.18475872427225112,0.5694371521472931,0.5175517439842224,-0.16177304163575174,n
0.5068311870098114,0.5786665201187133,-1.4598606185245445e-06,0.434718057513237,0.592080157995224,-0.06720856726169586,0.3644186228513718,0.5741603910923004,-0.11650969088077545,0.32907558381557467,0.5615505278110504,-0.15368958562612534,0.2941998302936554,0.5302664458751678,-0.18174481838941575,0.4265899330377579,0.3750482827425003,-0.13199758231639863,0.43660751581192014,0.591856700181961,-0.19111465364694596,0.4472531288862228,0.7477482497692108,-0.21898704320192336,0.4599931091070175,0.8570891439914703,-0.23012412935495377,0.5253205597400665,0.3612750291824341,-0.12115556448698044,0.4931455671787262,0.6356848418712616,-0.18421551883220671,0.4864275425672531,0.7946441054344178,-0.19475431144237518,0.4900636911392212,0.9070446908473968,-0.19309206306934357,0.6029775619506836,0.3911070108413696,-0.1118763692677021,0.5563077092170715,0.6367755770683289,-0.1617749810218811,0.5138051569461822,0.7163601517677307,-0.14745959192514418,0.4852584093809128,0.759696090221405,-0.12953285798430442,0.661149537563324,0.44514043927192687,-0.10871388092637062,0.622483903169632,0.6015039384365082,-0.1440200313925743,0.5824079632759094,0.6389502286911011,-0.1378309205174446,0.5497125506401062,0.6421766996383667,-0.12583450973033905,n
0.5121151208877563,0.5935572445392608,-1.5347852809100004e-06,0.43238828480243685,0.6130102515220642,-0.09123490005731583,0.3506543606519699,0.6371657371520996,-0.17009104192256927,0.31101199984550476,0.7287285625934601,-0.23540516048669816,0.2915127158164978,0.7938674807548523,-0.2978964507579803,0.3359844207763672,0.338017413020134,-0.1971929132938385,0.2997646421194077,0.5918536603450775,-0.2916039928793907,0.2993122607469559,0.7957655191421509,-0.3430714398622513,0.3045188307762146,0.9299829840660095,-0.36708696484565734,0.44511412382125853,0.3146851658821106,-0.19219535440206528,0.39773925542831423,0.6516409158706665,-0.2967111527919769,0.37019506096839905,0.8429001033306122,-0.3186239957809448,0.35431369245052335,0.9626573383808136,-0.31260926723480226,0.5528100252151489,0.3640753269195557,-0.18910508900880812,0.5036416172981262,0.6422788798809052,-0.26174553483724594,0.4822375625371933,0.6575152575969696,-0.23813244849443435,0.4691558390855789,0.6160448670387269,-0.20590367615222932,0.6328601956367492,0.4440490335226059,-0.19315038323402406,0.5988420069217681,0.6504138290882111,-0.24155580699443818,0.5788488924503327,0.6519582569599152,-0.2190343916416168,0.5674399554729461,0.5853277504444122,-0.18709164708852768,n
0.5299663424491883,0.5633707821369172,-6.483290718506396e-07,0.45912073254585267,0.591552734375,-0.08089700266718865,0.4017503410577774,0.6201965928077697,-0.15263617783784866,0.40233945846557617,0.66732759475708,-0.21686396300792693,0.4140142351388931,0.7085490703582764,-0.2815510630607605,0.3708044350147247,0.3716431796550751,-0.16684047728776932,0.37278910279273986,0.4286018371582031,-0.2613764271140099,0.3852182626724243,0.462726491689682,-0.3209438771009445,0.3964728325605392,0.502468153834343,-0.3550274223089218,0.4654964029788971,0.31579130589962007,-0.16859410405158998,0.46193390190601347,0.5987440884113312,-0.28067367374897,0.47052912712097167,0.7767108261585236,-0.31527119874954224,0.4847894996404648,0.8940333127975464,-0.3242371052503586,0.5649721384048462,0.3407632142305374,-0.1744111180305481,0.5393245339393615,0.6038927853107452,-0.2667552590370178,0.5162863254547119,0.7399771094322205,-0.2615225940942764,0.5035747468471528,0.823595505952835,-0.2417897716164589,0.6546868026256562,0.39993413984775544,-0.18724588602781295,0.6290525555610657,0.5823346555233002,-0.25462671369314194,0.5879170596599579,0.676849615573883,-0.250668828189373,0.5582208514213562,0.7290596604347229,-0.23312464058399202,n
0.5427178323268891,0.5391540110111237,-1.1981413194916968e-06,0.4665614366531372,0.573345685005188,-0.08693884238600731,0.40344901382923126,0.6240941286087036,-0.16269556060433388,0.39314513802528384,0.6935122013092041,-0.22715655863285064,0.40133542418479917,0.7420042216777801,-0.2887659430503845,0.3816477507352829,0.3456877589225769,-0.18090590015053748,0.39736088514328005,0.5377993226051331,-0.2673208251595497,0.4253665775060654,0.6866657197475433,-0.31440430879592896,0.4439412236213684,0.795808070898056,-0.33724601566791534,0.48324988782405853,0.31017327308654785,-0.1762652203440666,0.4861591011285782,0.5901840507984162,-0.2669510245323181,0.4870440661907196,0.7630488812923432,-0.2959161698818207,0.4892401784658432,0.8730724811553955,-0.3064195945858955,0.580910187959671,0.3345432341098785,-0.1739709310233593,0.5581677377223968,0.5907221674919129,-0.2509386569261551,0.5311546266078949,0.7220620512962341,-0.25238226503133776,0.5147398829460144,0.797028785943985,-0.241549102216959,0.666370403766632,0.39105027318000796,-0.17765476927161217,0.6404096364974976,0.5628012120723724,-0.23205849379301072,0.5989916086196899,0.6484962642192841,-0.23014204055070878,0.5684792816638946,0.6908557832241058,-0.21836279556155205,n
0.4987590193748474,0.5405741214752198,-8.82621088749147e-07,0.4486530780792236,0.5581062138080597,-0.0386904876679182,0.40325806736946107,0.5735164761543274,-0.07288995161652564,0.3786102026700974,0.5803812921047211,-0.10103774443268776,0.3589827924966812,0.5732062101364136,-0.12587715387344361,0.4384173959493637,0.47096356451511384,-0.08953253105282784,0.4471729755401611,0.6116619884967804,-0.1266674056649208,0.4550505101680756,0.6957383692264557,-0.1464506059885025,0.4641700804233551,0.7580187916755676,-0.1561049625277519,0.49392310082912444,0.4614754289388657,-0.08617442175745964,0.48361028730869293,0.6413013875484467,-0.12508739978075029,0.4839552044868469,0.7289067089557648,-0.133702053129673,0.48869155049324037,0.7895822167396546,-0.13698766976594925,0.5409159779548645,0.4749549120664597,-0.0824411727488041,0.5186913132667541,0.633633291721344,-0.11192232966423035,0.49674556851387025,0.6859872519969941,-0.10225318819284439,0.481738007068634,0.7158212304115296,-0.09325222596526146,0.579274845123291,0.5018643409013748,-0.08229371756315232,0.5575441837310791,0.6034200012683868,-0.10245965793728828,0.5412243902683258,0.6240240275859833,-0.09576445445418358,0.5281620144844055,0.626197612285614,-0.08839084506034851,n
0.5575311660766602,0.5616078436374664,-1.058330065006885e-06,0.5017727345228196,0.5814887940883636,-0.04183176755905151,0.4506350874900818,0.6013395488262177,-0.07559192031621934,0.421228289604187,0.6177814722061157,-0.10274125263094902,0.39036133587360383,0.6145411670207978,-0.1267662413418293,0.4566661655902863,0.4720910519361496,-0.09435153752565384,0.47367841601371763,0.6194464564323425,-0.13383588939905167,0.4881414234638214,0.7188069224357605,-0.15247493237257004,0.49987376034259795,0.7872117161750793,-0.1607603535056114,0.5148586630821228,0.4511077493429184,-0.09225214347243309,0.5212230741977691,0.6456771075725556,-0.13540923297405244,0.5240428209304809,0.745075809955597,-0.1448879972100258,0.5282717168331146,0.8074709355831147,-0.14719745516777039,0.5709548771381379,0.45823419392108916,-0.09020527079701424,0.5645601272583007,0.6307196915149689,-0.12230819687247277,0.5518180727958679,0.6795413613319397,-0.11346498131752014,0.5396843731403351,0.6954521179199219,-0.10477589294314385,0.617830890417099,0.48083759248256686,-0.09167419150471687,0.6091010212898255,0.6001580595970154,-0.11372517794370651,0.6002256989479064,0.6218695640563965,-0.10645813643932342,0.5904968500137329,0.6134986698627471,-0.09786587432026864,n
0.5797864317893981,0.5500040352344513,-1.0231982287223219e-06,0.5170162200927735,0.5670756220817565,-0.044902417436242105,0.46191512048244476,0.5916474759578705,-0.08296871036291123,0.42489832639694214,0.614987027645111,-0.11318655014038086,0.3903118222951889,0.6097701728343964,-0.14215234518051148,0.46680586636066435,0.46472747027873995,-0.10921764299273491,0.45698475539684297,0.614847594499588,-0.15669695436954498,0.46330600082874296,0.717284905910492,-0.1798720419406891,0.467936584353447,0.789435887336731,-0.19048671871423722,0.5283765316009521,0.45690452456474306,-0.11002353951334953,0.5067057907581329,0.645361316204071,-0.16078248918056487,0.5046744048595428,0.7526550710201263,-0.17059638053178788,0.5044874429702759,0.823014760017395,-0.17047012001276016,0.5898957431316376,0.4772504836320877,-0.11099197342991829,0.5662703335285186,0.6293339908123017,-0.150546133518219,0.5537760555744171,0.6443803489208222,-0.13899113088846207,0.5414887487888336,0.6342634379863739,-0.12578046321868896,0.6390803098678589,0.5112472236156463,-0.11479831784963608,0.6208023071289063,0.6226838231086731,-0.1435098871588707,0.6088521122932434,0.6206396400928498,-0.13334105759859086,0.5954899668693543,0.5884251594543457,-0.12048337236046791,n
0.5749996244907379,0.47425501346588134,-3.825964839165863e-07,0.5091300308704376,0.5149462461471558,-0.04774699956178665,0.457265305519104,0.5646250307559967,-0.09360970035195351,0.4486456632614136,0.6140386581420898,-0.1307669036090374,0.4763354241847992,0.6397443115711212,-0.16856812983751296,0.5021882504224777,0.47694651782512665,-0.13554926663637162,0.5338603317737579,0.6396127462387085,-0.18151335120201112,0.5560509145259858,0.7327094554901123,-0.2033149555325508,0.5754700124263763,0.8007398188114166,-0.21411062479019166,0.565085482597351,0.45464634895324707,-0.13074161261320114,0.5843090951442719,0.6501495659351348,-0.17847864478826522,0.5975878238677979,0.7589188098907471,-0.18864316940307618,0.6103291273117065,0.8332966387271881,-0.19430319964885712,0.6198214948177337,0.45801548957824706,-0.12287786453962327,0.6210872054100036,0.6406203806400299,-0.16217277944087982,0.6114383399486542,0.7156415164470673,-0.15642213374376296,0.6050953149795533,0.7593165278434754,-0.1485675171017647,0.6634589493274688,0.4780192971229553,-0.11785815507173539,0.6532911360263824,0.6028162181377411,-0.14197838306427002,0.6342072308063507,0.6398589015007019,-0.13407405763864516,0.6173634648323059,0.6554627180099487,-0.12645539790391921,n
0.5646116316318512,0.5846213519573211,-9.981239941225795e-07,0.507154005765915,0.5984481751918793,-0.045968733727931976,0.45391114354133605,0.6136103212833405,-0.08472545519471168,0.43382028937339784,0.6385615229606628,-0.11608279943466186,0.440465921163559,0.6561960816383362,-0.14411367028951644,0.48745580315589904,0.5030460685491562,-0.11054036766290665,0.5083027601242065,0.6610740125179291,-0.14898672997951506,0.5200870990753174,0.7619774043560028,-0.16376241743564607,0.5306747376918792,0.8346733093261719,-0.16948044300079346,0.5517326176166535,0.4858876377344131,-0.10506767854094505,0.5532898306846619,0.6838229715824127,-0.14858136922121049,0.5564338505268097,0.789022696018219,-0.15594046264886857,0.5617422521114349,0.8622705459594726,-0.15734518617391585,0.6080315291881562,0.4941659152507782,-0.09822055399417877,0.589246290922165,0.6760795056819916,-0.13446297645568847,0.5699711322784424,0.7517131984233856,-0.1270460769534111,0.5563320279121399,0.801556533575058,-0.11746127530932426,0.6541177809238434,0.5180371880531311,-0.09482718035578727,0.632968646287918,0.6296494781970978,-0.12004882767796517,0.6143101572990417,0.6611304581165314,-0.11504417955875397,0.5975344896316528,0.6758152604103088,-0.10771868526935577,n
0.5598173618316651,0.5998544216156005,-7.083313391831325e-07,0.5195902168750763,0.611956524848938,-0.044974565878510474,0.4789132237434387,0.6338963687419892,-0.08590502738952636,0.478624427318573,0.6811282753944397,-0.12035950794816017,0.48968703150749204,0.7114337265491486,-0.1517982602119446,0.46802524030208587,0.47603969275951385,-0.1030832052230835,0.4764546811580658,0.5762032032012939,-0.15377616584300996,0.48998319208621977,0.6633866369724274,-0.18165963590145112,0.5002741545438767,0.7313710629940033,-0.19461734145879744,0.5323411464691162,0.44996262192726133,-0.10121159255504608,0.5287524700164795,0.6397958934307099,-0.15541340708732604,0.5272248148918152,0.7434788823127747,-0.1644486740231514,0.52930468916893,0.8124664723873138,-0.16124985069036485,0.5941884100437165,0.4682561933994293,-0.10073014199733735,0.5760949194431305,0.6431545376777649,-0.1373661756515503,0.5528601944446564,0.6808159291744232,-0.12363482862710953,0.5356177985668182,0.6864842891693115,-0.10761714428663254,0.6450305283069611,0.5055415093898773,-0.10492522940039635,0.628524261713028,0.6338081896305084,-0.13233280181884766,0.604141753911972,0.6602896392345429,-0.12321624830365181,0.5863188683986664,0.6551935136318207,-0.10859486386179924,n
0.61425661444664,0.4823204517364502,8.297156909975456e-07,0.532189792394638,0.5282807409763336,-0.04133710227906704,0.48636943101882935,0.6365268886089325,-0.0847065269947052,0.4798009663820267,0.7345859944820404,-0.1150058276951313,0.49477810561656954,0.8123375058174134,-0.1459825351834297,0.5113846898078919,0.6012079417705536,-0.17298517227172852,0.5179366707801819,0.8045076668262482,-0.22237484753131867,0.5251993715763092,0.9098481118679047,-0.23824108242988587,0.5327455461025238,0.9945498406887054,-0.2442016750574112,0.5872153162956237,0.5934591948986053,-0.1701046869158745,0.5809858024120331,0.819679594039917,-0.2200744092464447,0.575634503364563,0.947661554813385,-0.22469225376844407,0.5765492916107178,1.041502344608307,-0.227386237680912,0.6507517337799072,0.5974906384944916,-0.16018629521131517,0.6306863248348236,0.7979140698909759,-0.19582706838846206,0.6071334779262543,0.7740952610969544,-0.17056720852851867,0.6000064194202424,0.7249817550182343,-0.1482654333114624,0.6987504839897156,0.6098251223564148,-0.15233495384454726,0.6663824796676636,0.7546807289123535,-0.17414769530296326,0.6413553714752197,0.735981547832489,-0.15439433604478836,0.6326452493667603,0.6954666018486023,-0.13692404627799987,n
0.515879112482071,0.530381715297699,-7.724621070792636e-07,0.47288126647472384,0.5356532394886017,-0.03535896260291338,0.4309630483388901,0.5419699907302856,-0.06743543371558189,0.4101526528596878,0.5562110781669617,-0.09455281496047974,0.3994845271110535,0.5541201889514923,-0.11921312436461448,0.40960159003734586,0.41027678549289703,-0.08135474920272827,0.41065668165683744,0.5112206190824509,-0.12571849972009658,0.42780829071998594,0.5914969116449356,-0.15058273822069168,0.4403156638145447,0.6488315790891648,-0.16216754019260407,0.46360746324062346,0.3906993240118027,-0.08211316093802452,0.4654932767152786,0.5641204059123993,-0.13060826510190965,0.4653695642948151,0.652590948343277,-0.1399061679840088,0.46466574966907503,0.7115461468696594,-0.13713317066431047,0.5210713624954224,0.4069149255752563,-0.08413411974906922,0.515405809879303,0.5548450648784637,-0.11836520582437515,0.5073347866535187,0.5572115182876587,-0.10561776533722878,0.49736759066581726,0.5382828712463379,-0.09024548083543778,0.5678110659122467,0.4410427212715149,-0.08919544965028763,0.5612927734851837,0.551997447013855,-0.11389071047306061,0.5502301573753356,0.5546844124794006,-0.1029647521674633,0.5390272736549377,0.5273713111877442,-0.08736450523138047,n
0.6141937851905823,0.33528574705123904,1.0691168110810167e-07,0.539813494682312,0.39179749190807345,-0.033963818661868574,0.48881438970565794,0.47123450338840484,-0.0707976195961237,0.4874254912137985,0.5509565055370331,-0.09709637612104416,0.5253119945526123,0.5731185138225555,-0.12800565361976624,0.5208899796009063,0.4105010718107224,-0.13594462126493453,0.5504819571971893,0.5760806024074554,-0.1700681194663048,0.5745577394962311,0.6572491586208343,-0.18445370495319366,0.5961048364639282,0.7101164221763611,-0.19234061986207962,0.5806972980499268,0.3830025911331177,-0.13284565955400468,0.6107340633869172,0.5712446451187134,-0.1693910539150238,0.6246750771999359,0.6798463761806488,-0.1797924056649208,0.6405843257904053,0.751240712404251,-0.19089823812246323,0.6376510262489319,0.37969268262386324,-0.12287841066718101,0.6484640836715698,0.5591095149517059,-0.1519819974899292,0.6361665785312652,0.5999365031719208,-0.14435467272996902,0.631753945350647,0.6037598609924316,-0.138846193253994,0.6832898318767547,0.4015062302350998,-0.1129382848739624,0.6717868626117707,0.5373749077320099,-0.1342067152261734,0.6509541094303131,0.5490580856800079,-0.12369523271918297,0.6377360820770264,0.531364095211029,-0.11595216020941734,n
0.6116597175598144,0.4230767250061035,-8.479577559228346e-07,0.5524263381958008,0.4594112277030945,-0.040821467712521556,0.5152804017066955,0.505141806602478,-0.07829217612743378,0.4900753617286682,0.5489419817924499,-0.10705829113721847,0.46079484820365907,0.5673884630203248,-0.137127123773098,0.4996515065431595,0.39120896756649015,-0.1186208114027977,0.5077039122581481,0.5559929132461547,-0.1565888375043869,0.5223348319530488,0.6434813678264618,-0.17089228481054305,0.5358785390853882,0.7026958167552948,-0.17700649946928024,0.5589201271533966,0.3708792358636856,-0.11877531185746193,0.560317462682724,0.565538901090622,-0.16158778518438338,0.5684258222579956,0.6762608110904693,-0.17306530624628066,0.5761011242866516,0.7557064414024353,-0.1789988785982132,0.618542617559433,0.37591378688812255,-0.11590767949819565,0.6150325477123261,0.5488893628120423,-0.15295593142509462,0.605847853422165,0.5934744715690613,-0.15006379634141923,0.5978013098239898,0.6160204291343689,-0.14571937173604965,0.6677185595035553,0.39902531206607816,-0.1141096070408821,0.662027645111084,0.5122669488191605,-0.14371147602796555,0.6484577894210816,0.5274160504341125,-0.1382473513484001,0.6325831949710846,0.5245841920375824,-0.1307271182537079,n
0.5948235332965851,0.4383530020713806,-8.000233322036366e-07,0.533945518732071,0.47974545061588286,-0.03678228296339512,0.49748527705669404,0.528453928232193,-0.07495402172207832,0.4728093445301056,0.5754278182983399,-0.10491240695118904,0.4414143651723862,0.5970208406448364,-0.1372632883489132,0.4827453702688217,0.4184452146291733,-0.12242542207241058,0.4863037943840027,0.580038332939148,-0.15787041187286377,0.5015907496213913,0.6668425381183625,-0.16914977133274078,0.5145959734916687,0.7207927286624909,-0.17396910935640336,0.5416025221347809,0.39666979014873505,-0.12433189675211906,0.5431655764579773,0.5908834159374237,-0.16500066816806794,0.5498664438724518,0.6990038096904755,-0.17119654566049575,0.557167249917984,0.7739357888698578,-0.17330147922039033,0.602581799030304,0.40197433829307555,-0.12234688475728035,0.6028871655464172,0.563299036026001,-0.15685707032680513,0.5932625830173492,0.5776948451995849,-0.14760367423295975,0.5867679417133331,0.5715065181255341,-0.13908351808786393,0.6523728609085083,0.4230183809995651,-0.12080954387784004,0.6480161607265472,0.5409535527229309,-0.15061260014772415,0.6347255825996398,0.546455729007721,-0.14133109003305436,0.6203079462051392,0.5269857168197631,-0.1302105337381363,n
0.45820060670375823,0.7305945038795472,-6.173105361995113e-07,0.4235891431570053,0.7232278048992157,-0.0413950989022851,0.39913471341133117,0.7165312767028809,-0.07835869006812572,0.3978481560945511,0.7260376274585724,-0.11014903262257576,0.398144343495369,0.7387535214424134,-0.13913561254739762,0.4306186705827713,0.5546304702758789,-0.07918685860931873,0.41936914026737215,0.6572742462158203,-0.12926268875598906,0.40582130253314974,0.7311555027961731,-0.16047167107462884,0.39960269033908846,0.7829250156879425,-0.17732854932546616,0.48463207483291626,0.5507580161094665,-0.07952103763818741,0.4524428427219391,0.7110436260700226,-0.13172375783324242,0.43297068774700165,0.8066884756088257,-0.14829440489411355,0.4243369072675705,0.8680225551128388,-0.1530536651611328,0.529248982667923,0.5802145957946777,-0.0820813350379467,0.4893801838159561,0.7270445406436921,-0.1238969773054123,0.4619218796491623,0.7924147486686707,-0.11960817277431487,0.44466403424739837,0.8277611613273621,-0.11007907837629319,0.5662196457386017,0.6273580312728881,-0.08866138979792595,0.5363694250583648,0.7362702131271363,-0.11611716821789742,0.5079701721668244,0.7774667024612427,-0.11141885221004486,0.49011596739292146,0.7920495986938476,-0.10126465559005737,n
0.48794032633304596,0.7459440231323242,-9.769150324245857e-07,0.4400049477815628,0.7301908671855927,-0.040990516915917395,0.3949077695608139,0.7102360844612121,-0.07506949678063393,0.3713791936635971,0.7031000077724456,-0.10369615852832795,0.3581517726182938,0.6815754473209381,-0.12814604938030244,0.4438988149166107,0.5456364512443542,-0.07985377684235573,0.4274889439344406,0.6720456719398499,-0.12359160855412483,0.42064547836780547,0.7744022071361542,-0.14959530234336854,0.4167929947376251,0.8451204299926758,-0.16155954003334044,0.5123050749301911,0.5574117839336395,-0.07722527310252189,0.47421265840530397,0.7150422632694244,-0.12118981331586838,0.4565986067056656,0.8242081582546235,-0.13388331308960916,0.4467450588941574,0.898353922367096,-0.13715906739234923,0.5651385068893433,0.5942510306835175,-0.076053087413311,0.5204057216644287,0.7373834788799286,-0.11138941273093224,0.4855226695537567,0.8075426816940308,-0.1064180389046669,0.4590039402246475,0.8499761462211609,-0.09731358736753463,0.6039673984050751,0.6451585114002227,-0.07850509881973267,0.5729088008403778,0.7346009850502014,-0.098881184309721,0.5398829460144043,0.7699185311794281,-0.09219583943486213,0.5134820759296417,0.7834427416324615,-0.08276479542255402,n
0.561736261844635,0.6995952069759369,-7.334718077345315e-07,0.5099322170019149,0.6828707814216614,-0.04778879471123219,0.4637992948293686,0.642059201002121,-0.08341244161128998,0.45366460680961607,0.6250601172447204,-0.11094913482666016,0.4823472827672958,0.6201495468616486,-0.1327277824282646,0.544314193725586,0.516707968711853,-0.08648022264242172,0.5506235420703888,0.6457301199436187,-0.12538619488477706,0.5503166377544403,0.7270036518573761,-0.1452028200030327,0.5488209307193757,0.7770308375358581,-0.15508372336626053,0.6040958404541016,0.5247149348258973,-0.07888826653361321,0.5849646747112274,0.6934361159801483,-0.12222840115427971,0.5737074017524719,0.7890700399875641,-0.1301229789853096,0.5676739990711213,0.8514280676841736,-0.1293006531894207,0.6474231898784637,0.5559481739997864,-0.07280947342514991,0.6204185783863068,0.7048320829868316,-0.10675255507230759,0.5972157716751099,0.7632927596569061,-0.09478342458605767,0.5785424649715424,0.7978211283683777,-0.07981334291398526,0.6767568767070771,0.5989948511123657,-0.07135368287563323,0.6548801958560944,0.6920168995857239,-0.0935929074883461,0.6302351355552673,0.7207575738430023,-0.0848944254219532,0.6087653815746308,0.728713047504425,-0.07194906286895275,n
0.5132999897003174,0.6394399881362915,-1.0839033905085672e-06,0.44375666677951814,0.6278310418128967,-0.04873258918523789,0.38605692982673645,0.619398957490921,-0.09329772815108299,0.3427648335695267,0.6304681658744812,-0.13063960149884224,0.3145060360431671,0.6342638313770295,-0.16619509160518647,0.3694116622209549,0.44461752474308014,-0.11119274348020554,0.3366707444190979,0.5919729709625244,-0.17246802300214767,0.3360940873622894,0.708777004480362,-0.2052604600787163,0.3356452792882919,0.7942077159881592,-0.22060125172138215,0.44194750785827636,0.4412741780281067,-0.11463062912225723,0.39886240661144257,0.6462322533130646,-0.1849820837378502,0.3849870592355728,0.7783924221992493,-0.20292119383811952,0.37241760194301604,0.868738442659378,-0.20287879705429077,0.514968466758728,0.47935413718223574,-0.11946595758199692,0.4729650169610977,0.6571496903896332,-0.1726715922355652,0.46710936427116395,0.6789594650268554,-0.16358626931905745,0.4601814091205597,0.6676484763622283,-0.14786788523197175,0.5724965751171112,0.5369700133800507,-0.12722873762249948,0.5402773201465607,0.6624506711959839,-0.1613989219069481,0.532954740524292,0.6666379332542419,-0.14911473989486695,0.5263902187347412,0.628888750076294,-0.13175310641527177,n
0.4905614644289017,0.667883324623108,-9.78640645143969e-07,0.435372057557106,0.6697371065616607,-0.053253335133194926,0.3857806771993637,0.6552330613136291,-0.09553727358579636,0.37034639418125154,0.6473676502704621,-0.12748147025704384,0.36281588673591614,0.6161101579666137,-0.15113874822854995,0.43417584896087646,0.47481475174427035,-0.10375532507896423,0.4483916908502579,0.6467648208141327,-0.15706715732812881,0.45677649676799775,0.769839859008789,-0.1861031472682953,0.4682422310113907,0.8521209478378295,-0.20019515007734298,0.512522840499878,0.47128098011016845,-0.09779431074857711,0.49334025382995605,0.676020222902298,-0.15489991307258605,0.48611582815647125,0.7952024281024933,-0.16406242549419403,0.48894639015197755,0.8755033373832702,-0.16060198247432708,0.5736863553524018,0.5026574820280075,-0.09407752230763436,0.5370669364929199,0.6791634142398835,-0.13458402305841446,0.5086957812309265,0.7081331431865692,-0.11885424479842185,0.4929031997919083,0.7048867046833038,-0.10154598280787468,0.6176819384098053,0.5516415894031524,-0.09587364867329598,0.5863128125667572,0.6777396976947785,-0.12369408756494522,0.5577085733413696,0.6958767235279083,-0.11500477641820908,0.5407730400562286,0.6788710236549378,-0.10158072337508202,n
